sha256,pkgName,numDownloads
A07354EAD4E8E785F368C3F948A9D463713F8A3D751E8B6A54F79D6E3941AC49,au.com.stan.and,10000000.0
D3453B4B6588318E6DA4B90E8AE6167DBFF42DE767FA506F036F781D45107DBD,au.net.abc.iview,5000000.0
4B8360D74CAB05A6EF7F7B6BBA6F8D52305CF22F21993EAAB7836823841DDE78,com.xipu.cwqmx.tg,5000000.0
F82E2D9C412B8E81BF7360FCAC74DAE70AD99F3E7380E11E95DFE2ACF01AC9FE,com.mcdonalds.au.gma,5000000.0
3BFD2FB76BE83D3B8EB022BE5C6D7DD70CAE7297E7B64BEFF71961DCE7FE7B1E,com.miHoYo.bh3oversea,5000000.0
1E1994E3857C9C3062EBE111092B05ED85B9AE80898155527DF95EE5E456C54C,com.xgame.newasia.sea.gp,5000000.0
D7DDA76E84F5471D2C63DFAF36B367A046A8CBF88DAB2B8D77BF9AF4582DD1B6,com.swm.live,5000000.0
208D18D256AE8487118842B123DA57464231082661EBC17059194AA637B6F71B,com.anz.android.gomoney,1000000.0
118DD3ABAC6CF8F7067DAD4F49B2ECC7897BB7C7686D6A344CD1F868BEA9BE00,com.woolworths.rewards,1000000.0
A976D89E9C194462092146ABA7543C186F1851BE68063751B17371B7D00E5647,au.com.danmurphys,1000000.0
C243CB6D5DFEB75C143108C3497DCF09566701F5D8AFECA9270FF818A0C6A018,au.net.abc.kidsiview,1000000.0
4ADFB6BC36059B3EA7CB187E775DE5AB3151056D704D50471C66D42E4A3E8349,au.com.foxtel.Go,1000000.0
1574796FBCAB94DBDC5EDD109CB926A308247B1DD35879C99B37B502149D6BD0,nz.co.anz.android.mobilebanking,1000000.0
E7F6592442EC508BE779E60355CE5E38A9C8A1209740F1CC519D122D54BC2577,au.com.podcastoneaustralia,1000000.0
BADC67159DF8AE97FAA42CFB1CF71CE9738D13A3E95D21BF03BED20C3A59686C,com.thisisaim.abcradio,1000000.0
E0E065733C65A3A6307D33218EA56EFBFCD58418A1DCC0B70E41E8153D7B0A49,com.sephora.digital,1000000.0
7841DB845E38C3F45BCC797C027EA4EAEEED6D573BC4B4BD69DFC306EA96EB57,au.com.tenplay,1000000.0
4EADD9D20961BE0F3825BB767B659EB45ADC15948524F133E119782C87C25AFE,au.com.streamotion.ares,1000000.0
3824276AE2BEE463F1002FA15D56BA9E533D794A09D0260005824192778340AA,com.coles.android.flybuys.release,1000000.0
012A2D1F5076E067273F1F9D2C329762DDD5DC7AA95F314A3D38C15D08ED2E36,com.ea.gp.tacticalfootball,1000000.0
3EFD4914EC28D25628741E194BA435BD4753501806ADEF1C5F42BECE3D8253CA,com.mattel163.uno2,1000000.0
B9BE23445E16B04CB4F1B0A05B76CEFE9067A5B3064F19F80D9F166F1606712A,au.com.mi9.jumpin.app,1000000.0
BDF48087FF39271EF8E0D92E57A0A154F396F3175395626CA16CC790DB01825B,com.woolworths,1000000.0
1A776703FA799F1AF19185499BE2FB4036A207A91B8E0F5C7B19C2C8F9D400F6,com.sbs.ondemand.android,1000000.0
60B90A95515A5D0C3B5836CEF5D5391171D125B45523DFC6E824C3DB2D8EDE1D,com.beinsports.connect.apac,1000000.0
FDACDAFCEB5E8D610060E470A0FB7DE9B21CBE52C290E924AAC5D70086A2E6DE,com.afterpaymobile,1000000.0
828BAEF261EFCE6F6BF5C895DD952A6AD5A621853D0D8E509296BE68584C91A0,com.nrma,500000.0
B783F7910F62CFFD1115F6BAD7CD351385FFE990651B47DF4F037EDC6E7C1D77,au.gov.nsw.rfs.firesnearme.nsw,500000.0
B3D8FC0E21C1940E0D10BFB2FFD083DEFADDB884A2753D092B7A12BF9ED8A1F9,com.ultimateguitar.ugpro,500000.0
7EFB4CB3D54C3F76870E83B28449531FA94AF99BCDB74CC5669FBBF035F4AACD,com.bp.mobile.bpme.aus,500000.0
80F2A093A9EEE966BF249BE394F8AD08A3F2661915C6BB7EAD671DA131EE7DBD,com.anz.lotus,500000.0
484970B06A9A2E8C3DB2121B7D7DBBBCE8BCB2CC3DC4FE64D6F382AEA54299DC,com.redcat.BoostApp,500000.0
8A6359FFB11845BAEE07DDCF74D6974D98BA6F7D0B79B97B7636D06B210E96F7,com.acornsau.android,500000.0
1C6ABBA5952AFD53AA97F0CB6C736F6A3FF6B543580029B717B4C85DD1799E31,com.appetiser.mydeal,500000.0
D515F13156573AAC1B8DE9B7B0EDA46F5DFEE60732901D5B0646ADD09F0BF8C0,bupa.ProviderFinder,500000.0
A03705361F294AB43F089CF44DA899DE1EED4521CF9DFE8A6836F75EF6211757,com.bunnings.retail,500000.0
83597858DE3A8BCC758DCDDB5FE0C0CA304E1D2BD9C985FAAEC5B6C537224C30,com.gameindy.asuraonline,500000.0
8A4E56E0D7645E787FA36FBADA23A5BDB4933A1302911EB492A8C0799F8A6305,com.shophumm,500000.0
1F82EEEC6B9CD00C3FF8FA27F8866C01E0B14E52AA11A55DFF01E166E75EB93A,com.pgmapp.publicgold,500000.0
3731AD4B37640DE068A0DCB6EE2C40400E6F167DED13A08B25B77332F13931ED,nz.co.countdown.android.pickup,500000.0
93DC1E146BA77973DD1C80C6A67A8BDF67DD257558CC863FACF92C8F068964F2,com.kingsgroup.dcdly,500000.0
1D6C205C8F640E574EDD59DBC172DDC806F2EE2D82A05CA2AA11A2719030F71E,au.com.paystay,500000.0
9E7404F2FB8FDCFC371FB516FD6560FB4040AFACD7790FD1166144A7974E0762,com.gruden.redrooster,500000.0
FB98EEC1D06E91C70D54010AFA80FA59322A7F631FC4F5E16242336E7DAD4D81,au.com.optus.sport,500000.0
65D5E07B0725FC9D7ADAAB359764411579E23A9CC62DD566487049980F9C895B,au.gov.sa.my,500000.0
2EC378346C96A5535F6CF8326E4260D52952B7BF1E2F08F6812611339DF006F4,au.com.iknowthepilot,100000.0
C58A160B4B35755187457A2485A393EC044566DEB3957C82C239082EB92B8115,au.com.flexirent.skye,100000.0
83B7732327DF275BE241C4622D98452F3D9849C9CA79EF66AD31AB5CAC2C6929,com.rastargames.mxglsea,100000.0
6F513043E031CC1F43BC70E516D9628E372082ED5F4D4F2453E35D460549B601,com.racq.racq,100000.0
7EE337FE09F536767004A502F71C1D3ACE16A029EDCA237AE6BA98EC8FB0EE3E,au.net.abc.kidslisten,100000.0
0980CC500D0311962460A6CC6461EFA5152976DBDA6730F7440CC3F8572B19CB,au.com.carsguide,100000.0
4A048B966E02277D49319775E2847BCA7C489F810ED910BE7C3014039AE0697C,com.redcat.PeriPerks,100000.0
95A928DAFE8E306A70F1AF3AFE04A1D3254898F1B3B46A882570B0BFE1DE7ECC,air.au.whitech.mobile.imagine.harveynorman,100000.0
6868C096D06CE1E686184842BA58C2FA16D34FE368A4FF9433854C73C0CC0A44,com.qantas.assure,100000.0
F4B96BC7CAE46536C45408FEA58B8721ABB500F5CCB4537A91893E4FB0BEBA70,air.au.whitech.mobile.imagine.fotofinish,100000.0
2AB8AB08930310516CE3BDCA203775749EE9C060BC486DA5F3AFFE3605D9A750,com.automedsystems.omhapp,100000.0
25A3C6340114658CDC597C89929CC45E85AE585580E24EA1171608A5A04552A1,air.au.com.ontherun,100000.0
B814370EBB999E0299E5123A31C3499A4920CD88803CCD74A42E1C42F62821C4,com.ahl.eventcinemas.nz,100000.0
4301484968755B511939D51FCEBBB45731895A09B7A2076B2F37D0F657614310,au.org.healthdirect.healthdirectapp,100000.0
9235733A2B2055E22233DCBE5DEBA599A6A6FA2E373D130BC8E15CDD8AD165EB,com.certsy.app,100000.0
C56DEC3EE898E46D297D67C82FE30D087620D9D81E0394B9DD11B3EC4AEFF7C8,au.com.commsec.android.CommSecPocket,100000.0
279993E08F18E0FF14CE43956D5D7A5E5CB7884BBEA5475D23B195D07243CF66,au.thecoffeeclub,100000.0
D45AC081E00A7F3072149E7AB78813C4ED854F222B4EA3C18EFE40A3B5E8ED97,au.com.energyaustralia.nsmobile,100000.0
335CDAF4E027E2816EFBFBE67C52A55F30CDC54635816230B2D5806873430888,au.com.donateblood.donorapp.prod,100000.0
CA4D10965E37A8AA9FD504F1DEA48D7645EDC8557B6BED40ECB61326C2EAC097,au.com.cwretailservices.cwapp,100000.0
C0C5FA13F5FA4985452027036E6E3F010D2B1390ED0347D3A1C58F8F513593EE,au.com.crust.mobile,100000.0
690B270FED9BF9CEF4B807BB3B8AC36C4E6E5B0B2561E28DB3E669FC97F88723,com.cars24.aususedcars,100000.0
820B674D81D900C67F7A795BE08D7FB2450D16CAE091CD4CE75ADAA01EE84A11,co.tapcart.app.id_s9XsQyj1y6,100000.0
95E3EECF3CA8B9181D56269752E2CCFEBA0D38413071C9A97D6D026804BCE933,com.americanexpress.android.acctsvcs.au,100000.0
E2A62084A0386C07A186ACA8A0DF6D80B02637C50A57D40B60C807AB3D041D4F,au.com.bunnings.powerpass,100000.0
FB0B8669192147DE90456DA5B257D96D6D8412773983E4E1B4A37E239D98EFC3,com.boost.mobile.myboost,100000.0
FE2E45199D6A006178381FEBEF18EAA5A6E7B96F66E55FCE5FFEF967B5836515,com.wagepay,100000.0
3FBB7C27F91D041587537B71E19B2580F254FEA8C9FD0CEA2F021605FD599273,com.automedsystems.AMSConnect,100000.0
9BFA0CC333FA46AF1C86865A8CEDCE066E47C38B18B23F76DAC985C56DCB3B73,com.cashrewards,100000.0
3A06AE0E8CFF7173B810D4AA63545532B507A88F814CEBF333F628B185273951,nz.sharesies.app,100000.0
1DCA74204ED84F012AF94CF69DC8311633F6A063206778033DB0B37A6B23EC84,nz.govt.supergold,100000.0
059E680FCCB264E69975DA713878F38C66B47AF54BBB0AB2B29C0C711110500C,air.au.whitech.mobile.imagine.officeworks,100000.0
C571F45302CF794C7A293E2186FE103A5FBB6EF99BA46E4E2F502FF0924EEBD2,au.com.ampol.flagship,100000.0
680085E17F58CD822EE6D15A454AAB7269B9858D2909F580B44A9AF2BACF3E46,com.au.toyota.oneapp,100000.0
6B335942F98B4968C79F79978414527EE199B408251B13CC7BA3127CEB945566,com.sds.hms.iotdoorlock,100000.0
8E356A6027EDAB70DBA2B41F6E6F1B033BEE7AF9D0461A6FCFBE2B0EC075A66B,com.westernunion.moneytransferr3app.au,100000.0
0AD36ED6CB8D3F1C648FC76D3DC4445BD737282EAD52913273414F37E95EFC8D,com.wemoneymobile,100000.0
2674AEE249C240135DF110782B25EF672C138172093FEAA583AA0B4DDB11F7D3,au.com.spaceship.app.production,100000.0
5DFBE791445E7297FDCAB6ABA812AFFA28C9ED0477A64AAFC13C4E6E6D0D0E76,com.gruden.oporto,100000.0
6B1CB42B120FFE80A907419673B10D32AAA5B67FF6FAE5F13131F369938E37F7,com.grabone.goapprn,100000.0
5E73CB40B1E834AA617F7EA50C69001819D3495AAE0497FADA6926E14420ACFA,com.grilld.grilld,100000.0
8EF1D588F3CF9C46D01A35D145EEBC51E1070722FC3D897128510F55F301289C,au.com.rent,100000.0
C701FF679E6DE5982255865E40EE705B8F4F9B52393386185878951FC01094B8,au.com.spudshed,100000.0
42223E4C892BEDC35612CD11DB100D8940684B47B3FBA2FEB707B5992FB7337D,au.com.raa.myraa,100000.0
D90F9D7D6D812CB329775AEA6316175B53CC330CD5E708029CB94BA29CB17F0F,intl.costco.com.mobile.australia,100000.0
B3B34F2B1A4FA256250677B4F10D1B15C676E55144D71626C56DEF7A68720177,au.com.punters.punterscomau,100000.0
D6874017F288D1EFCD946C93EB0C2F953DDF1976E471A75AA66953DECA0D1C63,au.com.programmed.go,100000.0
B767D1B351C11A8FAAFDC2AA40D1F9DF5F86AAECA46C70D270BF266E50FE3FAD,au.com.secureparking.production,100000.0
0769191D6798F8806CEAD9DFACCBF5483C35F94C6177BCBED590953E5CA4B5A5,com.fusion.ATMLocator,100000.0
74E60C22D188CD3B5D821F8088C789636D31F67102686C7F75F58289302DD727,com.teegloyalty.timezone,100000.0
648FB81C9EE970B3720AE3632EDFEFFDC85ABCBBB1D4C191A1AC2BB1DBAE86C8,ezyreg.source,100000.0
825EB470FBD995E73F235EE351C8DD5C233FE4EDA556992141B83A913FEDF059,au.com.racq.fairFuel,100000.0
5D006470212EE5F7A5CDDD3213BFD115E3120BF99B8C2C0B63FB3D4046D1C998,com.workcover.wam,100000.0
24F3C872BD5F3D004ED0C3E0AFA6713245FCF0DE3EC28A165D285691F1CAD963,au.com.frequentvalues.budgetdirect,100000.0
829D20741ADEF7194F4B25A98AE793A4A2A01FA6A66304AE1374038CBFDCA824,com.menulog.courier,100000.0
0B6F5AB9B14A40E0DCB1C331ACBD35F5041B39027046DBE52A68E69342DC5083,com.starbucks.au,100000.0
785050FA057C8DC8D861557ED603AD46FC7BD688CBC4102018DF989236235BCF,myer.com.android,100000.0
20E4D56348230FE60F5B62C257FF4F342CCA09B2B224B863EA1D3738CEA0F720,com.meccabrands.app,100000.0
69845BECB6902A3F65C9833EF75B991F661FDDB95BA74871553AFBB22EBE35BA,com.sonichealthcare.easyvisit,100000.0
96887D23C52F7B97BA11F9440D7679AFC41625FA7A476BF98C132D517F7BD244,com.tpg.dev,100000.0
05306BB3BCB046AB0E8F06484660458F0E207434EDFF7E821686F2D98CFAD946,com.ctmau.app.simples,100000.0
A7CE05E0D8BA009EFB51BDA62E2DAAAF41D3D65AE6340F2AB22FF6C140E8D5BA,ecg.move.au,100000.0
54FBFF9B9DCAB83D19AA365A85D290F8EF090B033045AE700212DC9F18116176,au.com.xyris.eddflutter,100000.0
BB6E5BC2A2B87CDA354306F9032AA87642A117054E04F68A1F2B811F5845AECF,enterprise.com.anz.shield,100000.0
80651DEC91E6261A5F749CCBCB25B40D000FA6D315D3AF14167F98D674A60500,com.fds.sheddesigner,100000.0
E713BFA9441B33B2DA28D269159E81C9A916EA27E2D91733C5FC66839878C104,au.containersforchange.app,100000.0
9AC40FD622FB68DC74E38FFF795FE5D0A08D289D15DFC906C2B89C7FBC2D7078,medadvisor.main,100000.0
4CDAB2DFC83BFA30F1796B144270C2BC2A5968FD5073E52D02AD1547C1B5DA13,au.com.moneyme.moneyme,100000.0
309823C6D7ECE3E6F0D960855DFA49A88CD4143F64B63592BEFF45591434466B,com.tomra.digital.returnandearn,100000.0
9B294AE449E39DC7788C7F5233CC793240C93CD261B906C59F263B4EA8B76998,au.com.spriggy.app,100000.0
CE7A4233E6F762D8F7CE0990B601EE4A54F586EB1D326EC7A6F3BDFBBB47E43F,com.jt.rms,100000.0
904AFDEC4D245E1A001F3DB92E644B203BED1C393C37306AFCBA1227CBC085E5,au.com.stjohnambulance.stjohnappprod,100000.0
EB61964BC1C81387B1B142548C36E2997F0B1B7553BEEC09D97E84F96C6B58F5,au.com.templeandwebster.www.appstore,100000.0
5D118D9464D4C118F842850C99B5665A1D1D359F512344C6E5AEE837B34AF88D,com.kfcnz.orderserv,100000.0
FA71796A8BFECEBC8E166ADA9C41896D80468EC655EEC0D3BD6E771B4DD3EDED,com.kogan.m.dashboard,100000.0
B9134FDBB64B8529AF11AC587192F398370857A12D54B54FC322F97ACC4F7149,au.com.swyftx,100000.0
34B35C83F3DC26213E1DF9E0C656A7F1C43C63066C49A114DC326EFC5FFEC574,au.com.subcard.app,100000.0
A4CF6F12659AF4843BAB8EA19DA96C7CCEC02552B8009F13DEEFEA03E02A1C7C,au.com.priceline.pricelineapp,100000.0
813D880DFA5EF8DB1FA26DD874B705F317E767D7F56DDBA779D17BD50B42222A,com.flexischools,100000.0
9B05257B1A5938604DD680CE90AA6F86274C46A046FC32D14BE0DDA8A8565DF9,au.com.pexa.key.mobile.android,100000.0
8F20599EB632C76E0C6708FCB104F0C0D3F5301C54992E494D0D26623BF9C94C,au.com.pancakeparlour.menuapp,100000.0
EBFDD8F2B908FB9A80C91626197819A18704796791DEBEB4301957D2393F7C10,kr.co.crazymind.lostdungeon,100000.0
9D4A362F9136FF1A77AA16800D5378C45C88045B77AA306FB5BF47116DE7A182,au.gov.qld.tmr.mdl.app,100000.0
EC3E4032EA23A4D7CD0B60AE993DD2CBD5E1F6CC0F175405A190F5C159505B9A,com.ionicframework.bettercaring45581069,100000.0
BB9D446FAA84EAA4C45EB0F778F07C95E4074C44C5F0EB4922806A21CAB4DDDE,com.ltgames.android.m71.sea,100000.0
44BC4F0C06B3A80947A099BFE72AB3F2423F8E385F4AB80ED1D24985F258710F,au.com.kmart,100000.0
A9241B5E7AA663FEB27F9D3A81BBB4B3D689B803E29DA203F15B645976BACDAB,au.com.officeworks.mobile,100000.0
EDE56F0B46FB7A1F81B32D61F92D034D1CF3CCFC7ECF35905A7C50EE5848904A,au.edu.wa.education.connect.mobile.connectnow,100000.0
9952519566CC37C3660C121275E5BA213CBAD6278596F4C5A894878C0C50C882,com.tmr.checkrego,100000.0
A52E35322D7ABE28C0019115E6DE9213CBFE2F2C084604D8E1833EBDEA77E6E1,au.gov.vic.vicroads.dlk,100000.0
6279242A3B2668463A2B21D01B71EC0B8ADF127663BC1E157A35671B2660012E,com.cheetahloyalty.bakers,100000.0
D9BCCFD0CE2C55CC72DE6A8090E88A466284335631FB7BEC92AA53085CB43F01,au.com.instant,100000.0
A6A14613F5373D90744CA90C68D2541D1F35D19BE60A865159FB0E6173AB436B,com.cmcmarketsstockbroking.android,100000.0
498B28B8434B47E0237B7B74BA1B4C3B872711E688BE1876B243BE2E1A201A93,com.bp.bpmeau,50000.0
AC33B27DEF421FE46D07D3926D9EB0424D8B6501699D9F29836F8B3BEF38128F,com.youfoodz.Youfoodz,50000.0
73B1735B94A3363BF98C37B919B0A7603D9F9117ED56AE6340C6DD6FCC7CF9C4,com.zarraffas.loyalty,50000.0
103528EE93B3519E02F4340088603F79239C2C0D647B90D6A0E95A9DD96AD284,au.org.beyondblue.beyondnow,50000.0
A7872BB399839E8FB8B2280E049513A6E9772F6C7DE224FD7B19D13A088A4990,com.reece.myaccount,50000.0
08CD5A06C127404980974F878A0D64D266A8137D55E600BF20BF2E881483E943,com.retailzoo.bettysburgers,50000.0
514B20A9706693D76B30C2B39604A69057E6F796E659C10382F062334336BDF3,au.com.easyweddings.directory,50000.0
A0E19B59BB5BD06ECC4689CB1A9A4F4FDB6CFF157781EE6625A115376813D9B2,com.reckon.payroll_lite,50000.0
821689B0170878BA16C273578FC23B486195AE3EAC89E405F276CB1C08AFD7D0,com.accesspay.ap,50000.0
A32C95EC44F629F431844DB1EA91C0844ADBF806A261E826144EF1BCD6026166,com.vaultpaymentsolutions.app,50000.0
958B8FE24233FE8234C52270F29F0E684450106B0D6DB22143BD0D010B207AB5,com.shift8.soulorigin,50000.0
835C06A450A49AD30A249159932B958C494C150737C404FD404C2D76EC933FE3,com.wisr.finance,50000.0
75F14356F2938CD9ADAE54C6D32EBA01AE231547530602B8D45D833A30B1A327,au.com.creditsavvy.app.android,50000.0
98ACC54A0616F7A80BD3C165D8856F69590155FAED15BCDF310B93DC498B6FCD,au.com.bitbot.phonetowers,50000.0
4AF3610BC6CA3DCC57976802596A5971001D8892E4EACFBA2398AD284C2572EA,com.salmat.nethub,50000.0
AA378E836C6912D550EBEACD8CF0D15AEC2DF11BD153AB046627D404F932150D,com.cfsscan.droid,50000.0
90B489E15C87641C53F9D985B46EBE3B099CF6875664B11FAB3D15D31F2E15A4,au.com.boq.mobilebanking,50000.0
163EF23CE80A460FF572ABD53F5740E1165808B28A59B8E6769321BBBF240CF6,au.com.auspost.cashpassport,50000.0
34F9E6187E91779626EBBE5B99A6B26154923FB7B6141CB5C7D9B3BE59F7C742,au.com.caravancampingsales,50000.0
0E540B7EF2E28D261D0B69EB336E6DEB19D5074CAE55F26CE4CC7800E1DF78FA,com.EasyWays.DriftStrayaOnline,50000.0
856C9F552F58E10AF00BE256FE54246CBB7D2795C455F248E9BBD34020508C0C,au.com.bunnings.teammemberapp.droid,50000.0
480056E104CBBC0DB73E014D65E05F073F0853334D20764DE0A06147C81AC199,us.frollo.frollo.prod,50000.0
9A6BED059ACD76EB8B782BD35AAE3483077E5BE75CC543682168C5512AC76D62,tv.accedo.ott.flow.sky.news.australia,50000.0
41ADB7B1C021117B9C9FA421B04B8D5EEA1EB4B7434F347C3D2D39A3C209FE28,com.ppg.PPG_ppgac_mobileapp_coloursmithapp,50000.0
8C8CCF6BA244961E9C9D8468AFE3E539CAA69B92635D279C0923231E82063AAA,com.mymusclechef.mecca.prod,50000.0
B485767DCEC3818213E35457DF94DA0AECEB1812479855605D2E8E8425B5E31C,au.gov.vic.education.mch,50000.0
F5AC5F0E36C88D2C5CB8A6DE202A596607322619F00FC6476E5A95BC9B9B7F85,com.tacobell.app,50000.0
097D05F462B8EA9FEA2B6730FAAEDC19D59FFA0F0C40E69544C48B82C6B0D050,au.gov.vic.myvicroads,50000.0
CED403B6662D8DF9154677C783E388A3EBBE1B0CF03F7FE68ADAA953C465FBD6,com.boozebud,50000.0
949E650410D0009DB473C3E10F0F7BD86C8573A43C22CA885899A45B051E7644,com.nsn592.fishparty,50000.0
40DE5B9F5A0484949FF9A8A49BD53D7D17B60FD32748337DAA4B9A4032BE19AA,com.nlm.tasteapp,50000.0
99DDEDF3A12042729624626D9B12D2FE6E389D38EED5313C748213E78A826AC9,com.merge.ville,50000.0
9DB3585FDD049331DA0A9798D354B3428BBAFF884B227EEEA95F3672DEF7C6AC,education.schoolbytes,50000.0
0F411978548A67E2A5E00CF9E6EC218608860E2B9DC44532704B15C34AAECD50,com.emprevo.android,50000.0
2A4304EB33FE65969497E0D14BC8066E5BD461FB45948BFAAEE9788B6F5BF690,com.facs.cms,50000.0
8B6A48B55F0EDD77C6B5E2C454A2C31B922958ED0E5998230DE839B223603A12,com.lastminute.android,50000.0
B78A48570B4A980A57A2C32D8188666BB582614534F83FDFAE04CF90154FF523,com.lendlease.plus,50000.0
B07603064F46953EBA65DFB4E6C237B0AFC2001FB0EF1C1627928A1F40572B68,au.gov.digitalhealth.myhealth,50000.0
488E6E6AC80F0077943CCC4137CEACDC68EFF7B2DFD87D2A18A35F3BC3B8883D,com.zodiaconl.ine,50000.0
0AE94F348BBFCDC511F914BF2DF1432058610C44A3AC281DE4AA046BA3E7E7B2,au.gov.ndis.dbresults.myndis,50000.0
F8CC1E9273987FFE7C2CF6B4D935734C59FD37FDB644DA6CA5944CEE851EF9C4,com.tipple,50000.0
AD7D52EDF5EC89544046DBC4D35E4B63EAAEA154EBB2B4858E765D4030B70DBF,com.tomra.digital.cdsvicwest,50000.0
97FCFCDBCFA33BB949ABBF6ACC724AD33246F0CBA34FB9C5E4C8BF9F5E1F81EA,com.toyota.finance,50000.0
158F136A54B7E586C80BDDA21A140E22410320A0CE0D69B966BEC95D51ADAE7C,com.starrtec.ordering.sushi,50000.0
34CBD72A22AC3ED6FF06E2ED156F4C4D0E854736FCD210F31F7953F8DC308EE1,net.melview.app,50000.0
681359014F077C7F5A7557D0917B88F696C1F1C1FECCF8F9781E1D2F17D2C625,com.omnody.scrabble,50000.0
C79F2C548BE1AC6323E2B07970CA0050149C0A4C4C66A85848E580B1282F0FB0,au.gov.qld.tmr.logbook.logbook,50000.0
7A95BEA42103E282D489C1687D4BC20E9A1F09B4968A30D03C55F18AAC90A5EB,com.foodco.muffinbreak,50000.0
4BCCB9E447276B2CAE0CA378C90410C7E24D430882484B54A6461BD564055CBD,au.com.teachershealth.mca,50000.0
AAB0CE2FCB646AA720F7874E27A03778E08151BEDDA8371FF77DC98FCF33C298,au.com.skyracing.skyactive,50000.0
1F739E993D5B77A07FE72D974984E75D466FE0B6C3B0D4DC1004350EABD02A0D,au.com.sicky.prod,50000.0
55704702ED858084AFBBDAED22897DEEDF08F69270F111582EF3DB7FCC91EDD9,au.com.twcmhealth.app,50000.0
6D4B39BA3E35E4C843CD9C0DFC6B2640C7F3C8C16EE2F45EF5FC1EB1DCF420D9,au.com.onepass.mobile.android,50000.0
FACE8B3102CEBE485D5F5F4ACED1F2041A900DAB06583FDAF2A8406EEB7CDA7A,au.com.redcat.sanchurro,50000.0
0890CD8C37330A53AD7F01E93C9EB1AF7F93E0EE0D7A105D2980E64CDBD57F6F,au.com.virginmoney.android_vma,50000.0
95D41A9592434A568BF2039C24B8B92FD58DD3B72541C87B89F5CE0EC34D04D6,com.freestylelibre.app.au,50000.0
D002E6AC08CACD05A2C187B036832A660FB0C0A249D6FA0301151AACB828528F,au.com.starhotels.app,50000.0
6F8673CC7222F969F70E9A8CDF13B02A6CA7937F0EE0177BCA156F724D128120,au.com.rhpi.feedsafe,50000.0
BEF3572C562EF87E173D473950A58CFEADE4032A4F67FA20D65CA87EE70ADF8C,com.indue.app1,50000.0
96AED6B3CEFC5C34D5C5BA153D035A9285B5D48DE175C3940B5BBFE8627C62C7,org.dayup.stocks.au,50000.0
B1DC99EDA38ABB540D05CF42132C1CEAD47F19F14FC365C656323E4009CA5923,au.com.adorebeauty.shop,50000.0
092C9A221F9C9CC3E793AF45FCB86898C14F426E451CAB2966C02AD19A2F0C93,com.whizzl.app,50000.0
4040C956325527B58FB48EA38E1653A860811E34C34825CE8707A55308BA2C58,nz.co.treatme.consumer,50000.0
867AD148974E788263676E2ED753A225E00BDF6A158E895530F157C388A509E2,au.com.aussiecommerce.cudo,50000.0
8DEAED020177F411B319294AC7F91F174B8EB7B8E930405633F4A3794CCC0A07,com.smartbirdid.au,10000.0
3A3E339E6CDED66E503BA59FA1538EEBDA029F261BAC2416B184D8F471D04551,com.smartmovetaxis.smarthailapp.actcabs,10000.0
F1A0EA91CB3E16B33198B964D11734E3F804422E48059B017EF7AA6FF263AFF6,au.com.aussiecommerce.deals,10000.0
2DBA14FD27693E5DC8E1ABF54E61BE98B23D6D215BC73D74B07DB68E2AABAA0D,au.com.bestandless,10000.0
AF05187EC43390BDD5E9762C6599FF797F016781848C5BEDE9C4AA89D954CB0F,nz.co.vista.android.movie.limelight,10000.0
D774AAE7C7BA31EE8A6D8A1C63AA47D7D447DFD248FCD864083603A22DF3949E,com.socketsoftware.whatbinday.ipswich,10000.0
5816B8BD42D19E66D4999D57DD8F26B7A6556855DF9FE5A77DDBAEA5E8292E57,com.sendrato.cashless.visitor.rasnsw,10000.0
F4E39E5F5D320607C4B187FB126E909E37AB8857513E123E2BF74D8EFFF9DAA7,com.senset.airrater,10000.0
924EB697464199C831D0B2DC7211D5461C05C89D97B97B611CF82026EAFA1E48,com.shift8.fergusonplarre,10000.0
505A126A146CD9FE43143937C2BF78993C987CE885B4C2991F84F0D3146C975F,com.aurion.aurionme,10000.0
62E06CF59D39BA05AF393E09A27CD5AA1F59426CE42E81BFD7AEE8244163A9A0,com.wendys,10000.0
78CC7F6F5FE17ED81D079DBBC23D543CEDE06CBD4797AE67522F2FE880288CB5,com.whatslively,10000.0
05739F97ACFAD1E5BBC21C21DB7D647160574C28D9331FE5EF1AFE23FCEF7525,au.com.PetCircle,10000.0
0BEE857BF07C0EEB9ED45710C228439382B6DD761B7131AC4645816C766CBB7A,au.com.ahm.ahmapp,10000.0
F1F3A943C4F66A8D8ACFFDA586C78D72D7628FD05AF4A3F4FC1CBBC02F8A817E,rolld.abacus.co,10000.0
0CE88AE049F0A04105F5B54439464FFB16B20BAC7BC76CEB9DED0FD2E1376F76,app.aigrabber.net,10000.0
02CA70C711E3B200CF1FFEF6B6953CB4CDBBB1A05D657D613E8572A186733DDF,amcal.pharmacy.main,10000.0
5507C74099BDE0285C2590DB264864825C569687124591BDC98A2CB25A4D06F0,au.com.slatesuper.mobile,10000.0
35568B1B89912473AFCB781A6B1755D7289E9FD2C7B11DACD03838B5DECDF0DE,au.com.redcat.theyirosshop,10000.0
77391EB22256AAD420B0DDD8501104F68C8E5AB69C625E21A9122C09CBFF3443,au.com.redenergy,10000.0
D68E33DBC5E0F7053092D9DBE702009453C172E38A9068A186269A910DC49B46,com.inerva,10000.0
E1FD7EFAB756D94BC92A914FB32DBAD542E23D9B2A4E121211F0868C95D72669,com.gpcasiapac.npm,10000.0
3B690FA130AAA2AFA0E4B02C20E412FF243EBE02364E8E53FA7E380CC41881C6,com.hanwha.nectr,10000.0
2A6D38742AA479C5A7B0D3E05AE5C3669B55235D210F49272782EE937AC73BAE,au.com.rentpay,10000.0
DB45812EEB8FA055D213D5C26A917378F65858E95C4988D5F3DDE8DECEC233FE,au.com.returnit.cdsviceast,10000.0
D037095C36FDB2A773A025D30F7BDC34E806D48F85300FE3AAAB6DF825B0849F,au.com.serviceseeking.business.android,10000.0
4173BB68B933524205F7911BD4A779F9B4AD9E7A32AB8F39E58CD10AB622CC93,au.com.racq.bank.app,10000.0
3BA088C7F0B2E3854610211CAE4D2A1F00D97277CE4FCF0440ABC47E96541ABA,com.tiltandco.pocketguide,10000.0
A0416117BD24B5740B328BCFB679471C257F429E14BE71727FEBB13D99C3C7B9,com.higginsstormchasing.app,10000.0
CF9699725AC366E21F2EA6E740BC1F8552A076AC2F79E9F4D29BC1EA515259A3,com.humaniti,10000.0
5BAFCC2C41F5B59D931CD001B4FCA46E7780000321CDE656E1DED865E6DAE8E3,com.hyundai.bluelink.aus,10000.0
77F19914F01EC26E76A00BEE7195B425347F35E15123509BA55C6DF989214AB3,com.idlvr.apps,10000.0
6D2C07DB6612941C2155DCEF63F4FC494520AD0712E0B2FCD71B2D2FA7DFFD66,com.hay.app,10000.0
AE3ECEDE623445B52C23E78D8081B8156A671E16141AD4D446B3EF6C89E3198F,com.healthpartners.myhealth,10000.0
12DB384980D985C17DC2A028C8BFC5B5753812ACF7D041F2AA8CD89192D3F9D9,au.com.stlukes.app.oms,10000.0
AC26642B9D2B09981768E07131623352C184E0E965EE4535CAA6EE971F4218B0,au.com.streamotion.flash,10000.0
0BBF80AAF95A02D71E9B5502429717C4FA14C74A3A50E14E5E82C6C3D13A7155,au.com.suncorp.insurance,10000.0
1A11614FD90EB64D9740FFF3E9121250089DFDCBF9E2B4D40FE5360867C08481,au.com.redcat.lonestar,10000.0
C86F5ABB8C1FC9326C362EEBA2373163638AF515AE7D4E42F214BCEAE72C1E62,au.com.redcat.mottomotto,10000.0
77ADC77F4A31FB46DE8A2FB627BB94422860E7F1C88D380E57FC3F870715E736,au.com.redcat.schnitz,10000.0
CCA101BE0F873D871234DCACB9C1819F09914796B49F7BC6D4C0F605B8E6FFE6,au.com.ovoenergy.my,10000.0
C5CAEC79F391FA4141D9CFE4D3394B4A4A6A86A8AD8AAAF27D2C32CF588533D9,com.joinflux.flux,10000.0
7C4543F74070ACC8C1C5377F6A5A1669D525F56AF1CB5D08D3E43CA49BE8D3A7,com.jugglestreet.app,10000.0
120F3EF8A037B2018051D513CD170CC09D3816AFB05C542191ABC5E9185E8FE8,com.kia.kiaconnect.aus,10000.0
4D1F20255508D4B2E86A978D2881DF6DA04B7AF9B0C83A75DB58073DD4B873BB,com.kieser.KieserKonnect,10000.0
A067EB2C91C5E6F48D330CE14683F103B2CBEE65D179EA31D83E7690E482E095,com.fitnesspassport.androidapp,10000.0
723F3CA40AD371C0E937495B005C6CFD389955B6CC918AE71676B649C95A738B,com.flarehr.payandbenefits,10000.0
BA5EAD134290A4DDF741FFDE561FE84AA8E4EC5100F0E43971F52CBCF50D3407,com.fliptv.flip,10000.0
8FF6245EFB0A903B7301403A04FB43172F05B9A600447E9657F91B29EF77B21E,com.foodco.JamaicaBlue,10000.0
C2C7C9AE125B06BA1175EF1ACA8518FECCD7DF8218CD537E4C9F0547636368B3,com.forevernew.android,10000.0
83E91A4A5C561CD62FFF4122B06424E27F241E7C213ADD4B95D4C7494D787CF2,com.frugl.grocery,10000.0
2B258D69F3D99E625584464117907FB156D2C2D674ADA5B74BE1B9ECEED11EF1,com.fusion.summerland,10000.0
D0F14FC0F3CDB0E32E04ED93B9C3BE72C7407CD203A199C4576139F5AB2993E5,com.gamegenius.miragemillions,10000.0
45EECF2E71F3DAB3E2AF4B524FAF528898A444002B9A9874D084911ADD3DF232,com.zyft.Zyft,10000.0
BC2D885395EA5899117812757D57F87DA5E7159DB4DBC5B50BA3336D0485F882,directchemistoutlet.main,10000.0
D2ACB61B34CA69628DA885A92A0C7643253F758A9FE84C33FB55A247C4B7F628,discountDrugStore.main,10000.0
C2858469819D5032F1DA0502A98BA70792AC2BB1103FABA3AAD392E83126FABB,com.jacarandafinance.app,10000.0
E2FB739483766949231402EFD6670DE19C1134741BADB9BCAE8B7B0C03C819ED,com.jimmybrings.driver,10000.0
1ADA06C2A13BEA065D4EC57342353E8FB8E0622BAC07280228203CBEE5682E76,au.com.peoplecare.mca,10000.0
31A18F9176D1481952E50F780BEF6D94A0E70666085A2AD964545043AAAEC580,au.com.pickles.it.osprd.DIYinspect,10000.0
E9E7105B702157D2AEF2E60D634113E5C81200A769E52184918205EAD0302F04,au.com.presotea.presotea,10000.0
5BF485A4841FDD9356B5787DE1600D12C8EBF1A46E6EB605FED3A1182EDB3C8B,au.com.ract.fuelsaver,10000.0
078D14353B77AC02227BC776BE32013B614995908D4AFCD6D13059CCC24CD5CA,au.com.redcat.augustus,10000.0
D84C828C5B4C00A3A9FDC8956D5A7E47D0120A16A20F8B1CBD17E529A7E1504D,au.com.redcat.gongcha,10000.0
47E51805F0B8A69F28BA0365332FA17C705E895428D853092981FB38564EA091,au.edu.catholic.bne.bceconnect01,10000.0
58FC50992D786883657827B68FEC1BE54A2AF88E58FCA2E6BEF627FFFD30C0BF,com.emlpayments.benefits,10000.0
3E9E27416D3D7D4317FFAE9A25A1049B1F252C36743DCAAFF6E0A34C914E4C8F,com.eroad.inspect,10000.0
539468BA113DBDD61148DA32E7D06409F95F58F0A30F3A51B2F9518123AC661E,com.ffc.coldrock,10000.0
02B94674D246C5018CE31FB63DBB58240CD882CDD780BE426B8BAD2138B9E382,com.doctor.app.hellodoctor,10000.0
35F7FB220177C3776C3CB1DB57DA9B9553B1F3E10085F79DB63D58826931EBDE,com.doctorsondemand.app,10000.0
293CF108C7D5A180459821FD65987AF7171543548A1448ADE700BA630FA13950,au.edu.mcri.headcheck,10000.0
AD36957EB9963C45D5139864CFEA97D95B65A38F3C2A93E2DBAEE6D42CD9E8EE,com.labourpower.app,10000.0
19CEA7C4165E38DE6BF01F1E80F7A9B6D17922E81E827086AA90D71B6463ED11,io.hnry.hnry,10000.0
13C829874A1902EB61F61220484443323736F8FDE46FD51F018BB5BE9395B0DD,au.com.mycoast.android,10000.0
AA7E7BB020C3C7A4EB1FEE7709AD241CA1B93697208EB6C3842691F33D27A214,au.com.myplanmanager,10000.0
3FE41B5058F8D8ECB42B8AF15D0D77F864D97CD414CA162BEC084386A62314AD,au.com.mysideline.myleague,10000.0
BB58CFA5F40575BF2092C9C5BB0432ACB3046FE13013F84F79E97426C9148E54,com.mcbschools.consent2go.parent,10000.0
C0BBBC1364A53F2084F74A829AA10C3691A2CF186483617C3B12E06B0CE5CAAE,au.edu.nsw.det.doestaffapp,10000.0
1D5593D6C7712F6B5E9C55AA0DF2CB47425ADF6A27731FA92AD91772E05D118B,au.gov.act.health.mydhr,10000.0
798B9A26F869DC9CFA1ADB5BA07C91D5E706BF8D6B9110BE212C24FA942171BF,com.zeroseven.tuhclaiming,10000.0
0E92D2256B74B658045D9BF4A5289782C8F77DF9922A20E8F7D9DBC62B2B0D7F,com.driveyello.yello,10000.0
D5E6A57F9D82B2FE5624228AD8CDC407C9F46157E7833C63C3321F9F3DD8E96B,com.eatmorepixels.roundtrip,10000.0
45CA211BF648C8B7CC99D8E419CF586111463594B40590A4BAF6B17D70205F24,com.totaltools,10000.0
80DF85937624885F89A2D55875DDFF95E6E63EABBFE5CCE7AD85E5DE08114288,com.myob.snap,10000.0
65E0A825C04671824611F6ED4EC02A9FF5C044CC981A0EF889C9F9D81EF91AAA,com.myob.track,10000.0
2E285A24022D25233B666BD2006C0C8B56B4D44B302EB13CAD157029FF368247,au.com.octopusgroup.membersportalv2,10000.0
5102863C023D4504B3A014AACAD136C98A42530584633D07CE21E096F2FC6283,au.com.kiddoapp,10000.0
C727B9B0BFF3CB70A0E80782BF90E2BFE36C77F5DB22F5D99D0E14C20209C627,au.com.kmart.myhuddle,10000.0
C000FA058E84A55A5DDCBC41BFA74601AB92B3028A1DB12737A71A9EEDBD2E6E,au.com.ksafe,10000.0
ABFA8D840A90BABDD432E6C719AA1C377198CE2A4C6A7407E4DE24B649E6D92F,au.com.marinerescuensw,10000.0
9DC4FF6D4643CF05AFEB850DFF4B6BA4EE1635105081E8D022DAE8A6407804C5,com.mimco.mobileapp,10000.0
6EDD76BA5CE38E9AE77FEEAA2A0BC0DC8D1BDA939725D375ED00F03F41E31FBA,com.mtaa.membercentre.app,10000.0
5FC4166BBED5FB48DAED3A7AF07B39DBFFEE36D4D2820D408E9C5DF93C7D18CF,au.jobninja.trady,10000.0
D1CF1A62A7841025E00566326775B37F51B141DFF34DFF80CA70E66E5EB65CD2,au.gov.nsw.dpi.hunting,10000.0
97826A6316B2F7A51212D5A15A9798931B1959272519C0382CA97DCCAC2B25ED,au.gov.qld.daff.qldfisheries,10000.0
DCB6D3C13376298361C1293FF379BA4DC466EFFE9A51B527DFB49DBFEB2AF6B1,au.gov.qld.goldcoast.cityofgoldcoast,10000.0
5502CC514765EAC2F3F0B3C308A18F233B4D767731EF8EB1CBBBCC685AA2937B,au.gov.qld.hpw.publichousingapp,10000.0
A63645A73C31CDA307F196C24D552FE2A42B5E84E4BC6FFAE0BCB7C5EDD4B16B,au.gov.qld.hpw.queenslandhousingservices,10000.0
8192D7082227CFF03A9E8C17E957078E43C1A028C6E84E50FB4D1C143A102B88,com.trailnavigator.android,10000.0
2985C7BCA6A3C2CEBAF0E6A1BBE72EEBA818DAB2E0A4FE60F5895F7DCF8C201F,com.correllink.ntrego,10000.0
5045158302E75894C68126B42A0290A066E30CCFD070C5EB9B64185D26DA7AFF,com.countryroad.mobileapp,10000.0
5BA0D29FFEB5EAA21AB8F360AD0B1C9B15F6CD6CF05B6AB7539AF73B8873EB2D,com.cryptospend.test,10000.0
C50A00EDCBEBC064C3BCE317996C7AB7E806DD00205433101DB3F4D21D15BC65,com.dapl.halaladvisor,10000.0
42F6DB53CE8AAAB2CDA02D3DF3A5EF8495585B8436E4389A2EC0963DFF5E7586,com.dbyd,10000.0
E53E9A60918795FE6CC6420E89789285D03E7E0C586F01FE65907A3A31D90709,net.traceintuitive.patron.ttg,10000.0
B53065622FBB898748BC51F5D6BEC363DAB97A4ABD4B8DB4B81C4A2BC2B1D02D,com.superloop.app,10000.0
DCB410B5EB0480F8847749381841D131AE94385A5BBAAE1DF7D53532095DBAC6,com.surveyz,10000.0
A9ABB07C701A5EC63C869EE177A4DAD38844CE00DE8071E9EC48F1C65591AFDE,com.swm.news,10000.0
67BE0973BFFB5CBA80E01A0E48C2339B8CEC9FCBA2DA048E63DEB5A90EFA121C,com.tac.mytac,10000.0
6C68CD33F8190FA47FD4A335EF42FF91365A74FCC33408AAEBB6A480A83BB43A,com.myfoodlink.ThirstyCamel,10000.0
DB3D059106C878A94B62FA5983BE37CD988BB85FA6B2404567BD7B267377A2B3,com.myob.advancedteam,10000.0
BB81720F48837333327290F50DBA9E7B521084280E69AD72108962F7FC5976BA,com.deliverytasker,10000.0
682FA5B483F58D21BBD3BBBEAA07B4E3FE13314DCF616024A42F8302BB3B7B74,au.org.mobility.app,10000.0
5C47F0AC964C8D91BA7330429C1E74597BEF323F0DA5E92F69E6044F06B22A19,au.org.redcross.getprepared,10000.0
EDC95F2B44323DF6DE46B1737889E8E8F2D6B7B6CEB4BC33B5D236374F97EB5A,au.gov.vic.emv.sas,10000.0
1A1ACFC9ABABA4223770B0C318B29A0D0E0DCB0673EB2CDECC89E1C1A0BD1BBB,au.gov.wa.dfes.mybushfireplan,10000.0
EE36FF934FA585C4EC0607EB09934FE0F95E29AA2CC7832B601CB593C35BA4D8,au.gov.wa.transport.android.LearnAndLog,10000.0
31C81BD1AF4119D4C399B581CAA0B1442E66854BCAC462461C0BAEB7EA0D1A17,com.dgatto.adelaidemetro,10000.0
40F91257794A9D8201269B6C431A0C63DA233EA8800B480ABD23E7899A4842E2,com.chemist2u.app,10000.0
AAAB4D885D576C68B1A0CD9C011B88943A4F9C450FA734051633905EE222F8C7,com.citibank.mobile.amplifyprod,10000.0
652D42E1268A994C0A7735BDBAEA256AE16E39BDF3178E3CCDC09893D0349E43,com.cjsales,10000.0
B6E6A5E976C32F002C8480A8045BEF585D3AD86048FC4A434BC6054D416D3451,com.clearlrs.hub.coles,10000.0
23BDFBDB516CD31480326FCC0057B1DDFE8E15B949BC2BD2A9DB02A54B2AED34,com.payroller,10000.0
1B10CAFB89D94F7EEE3085B74CE8687CEFA2131E1E1CD4821183260490E0A429,nz.co.clubware.worldgymaustralia,10000.0
2662F80C8F82DB8AC50A1812641BCE72086D07F2B2D41F7D03158EC2D12A24D7,nz.co.onceit.android,10000.0
28D23F4E13A79D8C9CDD538846FA2BCABF035487C48DB70F8BC587290B1414B8,au.com.gsb.business,10000.0
6874744AD62137992CBECCCAAFCFC167D17CB066C32D979EEA767D68202F45BF,au.com.heykit,10000.0
388198293141787C57AF02571E6399D0FA1D6862FF628274DE448AECAAFE8E9E,au.com.hireup.app,10000.0
2DEF93B35EB65FD4341FC138F1C9CDE316F4F64BF8C7894C9244AEF831E9C59E,com.mysalesforce.mycommunity.C00D90000000pjm7EAA.A0OT8v0000000002GAA,10000.0
63C873150F85EB51CF8A25F9AD3AAD18B7350BE0CE536A6AAB2B053E69F7EF23,com.nextgen.moneyspot,10000.0
27F9C0FBC8948A89D00E927EDA84C2272582CDBC6235493A67ED975529C90B03,com.numeropro.kidsoft,10000.0
5D42ED4B9A1D56D52EC5F1DDB87E2B9F27704E37EF8608BF532342A71DD71D6B,com.conair.anz,10000.0
4E5E3EC70600CAED5287A46622D7433E9B42379928230030E028C64D1A83D26E,com.bp.mobile.bppulse.aus,10000.0
1176B6D1735BEBCC01EE231A228E2E7EFEE099530217F323A7892EE69A91DDD1,com.zambrero.ordering.app,10000.0
191D5DB821D9AE74696A9A3629C323B72CB045A3AD1362A4B6A226D29DA638D6,au.net.apm.wellbeinggateway,10000.0
85027B380A78AF7ABD4A09A687ACEA6A31C1DC72DFE88F9FD1BB372BDBBA2F8D,com.primesuper.membercentre.app,10000.0
55CE009B50C6D07A513AEBA95CC37294F8C51AD166EF2A24E780EFB83F5DD4C8,au.com.hotdoc.familydoctor,10000.0
1680CDA4542521D625B3FCD80239F0409DB9937F92015750A0F42A35541C514C,au.com.fabtronics.astralpool_chlorinator,10000.0
249CDA972DA7E61C987DDCC269690667F4E32FE05FF0C6D7DE0C1B6D9C402BB4,au.com.foodlandsa.foodland.Production,10000.0
5535FAB5D78A24063CD4B6B38B349F7E046D8885E50CFB661C3981C0BA3FA96B,au.com.fusemobile.easypayslip,10000.0
AEF19316A2B710AC8E963B67A9100D85F25EAD14E914B9B4AFA79804E7BE85B3,au.com.gasmetermate,10000.0
2B8D9DC83A3DFF0666C23E460BFF8EADB98327FE563E4405425B626A43DCEEDA,com.qch.patient,10000.0
A13D59D09F62AF25693C683E58213844C8AE1D50E873848F5805686A140A838D,com.readingcinemas.au,10000.0
F4C5D7AE7580C03F250E9F43517217BAB25439C39585E189855139265BC18ED0,au.com.curbcycle.curby,10000.0
7D7ADDDF0721765479EBB32BAA797E907D947E1478A1FD964708ED18C3E5962D,au.com.digitalnoir.drakes,10000.0
DDB10A5298522A0B631D42E1E2BA209782C119AD24B37CDBD0F1D21EB7343CE4,au.com.eruditetechnologies.hyclorapp,10000.0
A4926EBDA738F185D1B78F2EC8C5810782F3BE6A6D586F7859956190F9D2658C,com.rfg.donutking,10000.0
65CAB65798166B99FB96F6CEA7590EA74F5FACFCC2B58FCEA18DE72BDBE6DA3E,com.rfg.gloriajeans,10000.0
DB7E86A59D0BDB3092D3E9C4C6FDB3220584E4F567BC2686A85311CAD9C6BB33,com.rna.ekkaapp,10000.0
194F993A01F1A12DD1AE4EAB966D6C6711674A4EF3F867E4182A8C26D22093FF,care.gonative.kynd.app,10000.0
026B1A389F21D97E051E8D207BF4FDF0E76B4D6D28198750D257D19F0F8EDFFE,co.roadwiz.tones.truckin,10000.0
F14AC86667D54EA1BF54F603752BB77F9747CB74977109DC47A5959BDF71AD93,com.workpac.myworkpac,10000.0
8FBE9FCF858A69E323C63688EFFECDFDBF27968282BE632BBE2040DCEF83AA10,com.cashless.cashlessapp,10000.0
AC1426FAE2E3204E8DB2633FCF96429060143CB36E0D4432BF8C5CD5FF54DE09,au.com.cloudpayroll.kiosk,10000.0
BF955639D614C7CA7B4403527F177C0C3FB97B1A4CE0EAE8B1F06CA55035E8FC,au.com.commbank.smartminipay,10000.0
53FE77ACDC3BF2236FAAA662B1144C741FE02B7BA07F828C3B853B4287CAF17B,au.com.bobsbulkbooze.app,10000.0
C6987F22361BEFFDFF49E4FDEEA300E950297476ED3C2D10CA9AADDF0BAAB980,com.rockwell.rockwellist,10000.0
130610E36DEA999EF93291C1696861F2404B6643E5A4CE1A8846B7F49228BBEC,com.rydesharing.rydedriver,10000.0
1081F9BC00D5EAB8F995BABCDC2B2FB11898DA838EFBA32051DC35BA162EA7CD,com.safecode.mykiosk,10000.0
53C2FF94DB0F86B7CDE1B0FB56EFA3581B0D18510E98937F4008B8991984DDCA,com.schmickclub.repairs,10000.0
F44009DB98E4972B046091621515F8199D2B48DBEE0B853A5F2E77418D9EF44F,com.scholastic.bookclubloop,10000.0
C423553CD91F109865F0EDF422F0A037E90D76E73B21384911AEC04C02555CD6,com.recycle_mate,10000.0
7430E3CA48197CBD63F7291A4BCD8DC319B7F33ECE12B2F8D83CD4D31EB2B817,au.com.gio.marketplace,10000.0
D39C95AE3268E7E810AD2400D0A391CD7D1C662C0949C263EE596549CCB8FC14,co.tapcart.app.id_WarhEAi6iA,10000.0
8EE590B60600129BBD4EA7B12F12E0E9E3424D11E6D28488494B9DC00087F3D1,com.a365roadsideassistance.ToyotaRoadsideAssistanceApp,10000.0
2AE5AB44421748C1F005FBE3BD920A686141B85406929DBACA9CB51E092F2389,com.vevey.mate,10000.0
770A5A6F02ABDAFC2FE8724B2CE515E5624F41FBF5350B653EF9198E43FE8AD0,com.viewy.app,10000.0
E6C2A4531EA142F7B9F73C81A93D248FD566347BFBF2D0070CEBBC2640CEAB45,com.visy.cdsvic.android,10000.0
18031F4546929B405BCD0FF04D5662AC1B891C05455EAE47052C3B0FC8F9BDE5,com.boatingvic,10000.0
F59E8BEF16CE57AD5D2097DEC3BC029DF6C487AA5ED80CE7C6652D18DCBC4260,com.witchery.mobileapp,10000.0
776A8B82AABC508683A8CC5A9E464EE36936333B3F82E3B510A1B4E8E8691DE4,com.shift8.gelatissimo,10000.0
CED0D064A1BD058FC9F37A04820A8ED37E39F19A6F8E55477D4568C793D8764E,com.shift8.justcuts,10000.0
3010327058A6576DB4EE2BDFCDBF73A7F14535BDF1ECE6CBC1EC7BD0E9C3DB19,au.com.brighte.brighte_consumer_app,10000.0
5BC7B9AE31421D407D21813CAAD42FDDE3028AB8128174165E29C1731C1434B1,au.com.budgetdirect.bdfueldiscounts,10000.0
40DB83C5CE0FC7C30465965D0F4B398E26B564A2B176E9AE74E62B0E9EDE47BD,au.com.bunnings.vendorhub,10000.0
9929B8DCD6C14EB504D76745D0A9659B689F5319D3CA1A65A7C3459266DF1671,au.com.campaustralia.parent,10000.0
74BEE215B27D87A60C46558AF728E18A4170FE241385265B13F88944436A5F2C,au.com.canstar.canstar.prod,10000.0
91CEED660DF46FA9514C8F01B083B988A70324FE939C522F2F5215EE5214AF3C,au.com.cbhs.cbhsapp,10000.0
80DF20B56159AFD1D80D703DD138737E58CE8BF1F0E0F26CD2846703C2D3A495,au.com.cdsw.parki,10000.0
FC5BD5B8994D795A551197D1F90FAD95A8D627C2403124ED9F063B3C19E8111A,au.com.certegy.cma,10000.0
CF8CF2644DD513BDF70E6CCA23F3CE250B485F065501452CDAF3B732BA1921A9,com.absolutedomestics.myabdom,10000.0
6B1D4439886A86921E3F899DC97C0B2237B2077B7BE15F7EDB9EADF387715478,com.awa.nra,10000.0
F59EE861943D461AA73F89DC266AEAB3D499690980B08F2E2EB1816FA15CA595,com.bigwig.calvarycareapp,10000.0
A970FC6CBEDCD5B835ACD5F9A6906F5BD67E946935CCC2EDE0826CC5672BDB7D,com.app.metcash,10000.0
C738960E2E528DD3B3557AF67365AFC19FB95911EF76AD1EFD3873187F7D65E4,com.app.protect,10000.0
F8DCE245F5AC95D8D71BF38F3D89AD43C9B5D247A397CBC84B1A834DEC9CBF0A,com.assessor.preopplus,10000.0
8BF6A3E7DCF2C48D6A48DCE85EE2CC95530BECCE617B374DD6A055A7D986EBE5,com.au.gov.nhvr.apps.regochecker,10000.0
DC8CDBF3801A6428505DF5525AF3594C7107A816572A587D1DD7A1FF59962324,app.bringback.bringbackaustralia,10000.0
2BCBCB218A614D6FE8B1F81E843936C796FDE2B5456FCA0585C528FB9EDED0C4,vds.mycareconnectv2,10000.0
CD05EEC07E7747EFCE7377E1D64294E4AA811E947BDB29C267AC5E61948E25AC,tv.pushappdroid.tvsn,10000.0
D3466ADF28A560ED865906F436E2E3C1FD283026B1F158661FA6B49FD336B179,sappsms.psmf.festivalofmusic,5000.0
A573A714AE057CA07346D527A415E61FE8609D49BD0FAADDC2B3C8D6C1C4DFFD,sandwai.mobile,5000.0
7EAA3499EF941F90314D08856E77CED1928A2FCA2DC5029758D46D1EC7F4F22F,works.mirus.kiosk,5000.0
BC6CEAF54D1DDC5D46C82D51AA65C4ECFA2B5B211006630B30BCA6E1B6B7FF19,au.com.ampol.teamapp,5000.0
0D4A3F7E0B16E1DB1E5F86F57A0E3F66BAD5D013865D32337827CC8FE4B26663,com.smartmovetaxis.smarthailapp.busselton,5000.0
A62F0B8D0B66682B0ABDB52A6237AB3A6609B9916C44149B3856269921E8A0AC,com.skills_tracker.stmobile,5000.0
39FE0E8A09B8AB4004576CA940A687DED320AF6DC46E0085211123CDC730F12C,au.com.cuscal.redi2pay.nicu02,5000.0
CE88F9902C416FDF202D7C599FF18F12E6E3C14C69C9735CA90D0ECF603DABA3,com.rtwsa.app.myclaim,5000.0
68620419B304B64E04F9854D42D440034A5B82582FC1FCB2E18D662544DBE7C5,com.adffh.app,5000.0
61B4A82666EFC7EC275B013F7A4513B857912DE14274036D3BE5F270B8E32206,com.wishie.big,5000.0
7B3FE09CCA490D4782CE5B6D8256A6BC4CBBA072E7081B21533DDBD14902484D,au.com.caringathomeprojectnew.www.pallimeds,5000.0
8D469FB7FE7C1529D49A3A29D83793414AF11E7F1864064049A21075355035E8,au.com.bock.qendo,5000.0
20DC47590EB6154FDECE426BFAB178BF617DE57B937BD8BC0F559D51EF8F42C6,com.rocketremit.app,5000.0
EC1034735E4D876536B6C8C1064F18448281A9861C6BD06E133EB7B1A18C79F8,au.com.bnd.controlladoor,5000.0
619392DBF0A5A91CD1DD20DF75DD5274594FD9E5CBA5AE00FC71825773ADE637,au.com.bitcoin.mobileapp,5000.0
4DD8F3983AD2BB06D1BA84C29827BCE271C4332D7C5EDDFCB7E4800734FF431B,au.com.cbhsinternationalhealth.cbhsinternational,5000.0
0D571DA98D2AB4E3FC14227B1622EE7CFECECEB5FB91C673B121BD2CBA870460,au.com.athena.app,5000.0
B0F7902C0C5CF682839652A9731BB59886DF8341F9CCAC12558B047F68507A99,au.com.frankhealthinsurance.app,5000.0
5DDBE91E1C186FCBCD25EE7CDC8DE4E7E29256D07EFE9ACAE648CB8944485888,au.com.fastcourier,5000.0
8575B7D3DA1C22B0A193B3F0CB6D50A83153E6D196F30CC9F931FCE6FC7B92C0,au.com.hotdoc.android.jupiterhealth,5000.0
9A7F170F2FBEC44D20419501E5EBB4DB50092EC870B09BDBE6A4E91C6B2A9CA4,com.prospa.mobile,5000.0
D0E1A3200D6C1E4995C85976AD79C53448309296549B7A9281F24A5295BAD151,com.NOSW,5000.0
F44EF549BE4C1E92F9D5487C42C16879E1712574823270C06A8DC1C222A3DDC0,co.tapcart.app.id_hSUzO6VHEh,5000.0
BAD77498BCEF2DFD66E33A8CA070E15FE87653F92DDDA50A54B91582F88851FE,co.tapcart.app.id_eYDorcuR2U,5000.0
FD0078FD2B53A3B218D9A5F50E47140E6556F0B6CD95025825C5E590214A349D,co.ruckusenergy.app,5000.0
B361C2076485530647B195B0F3B1A1B93F592E1550BF29D224E30EF6D687215C,com.bestofaustralia,5000.0
91E14C91A2F24C84710533490468EC73C83B1BB0F329C433FA87EA2A3D6C422F,com.rfg.brumbys,5000.0
BE648E5F77B9C40E5159809606A2E527116AD2CEB713E43F5980095AD58A1D83,com.rextek.greenmoney,5000.0
25211B1FBDAA825A8292A1DA7E598BA4BF99DDC6589CDE4005D0B2CAF0F08AD1,com.retailacademy,5000.0
D0E4E45915C7BB7FA0A166E760C5C22A831D50C3F825782C99F8B316374D5541,au.com.entertainmentbook.zurich,5000.0
8E369E6BE2C5863B9BAE076AF9580CA43CCE269AD5D6E3E393CF2D0830FCAF15,au.com.daikin.airbase,5000.0
1B08EA2A5C9795B03D6ED7226B42DC157CA2006116FCE6D3A3B5892D5A5586FD,au.com.gmcu.android,5000.0
72D9AAA276B5C3A0BB4268953DA9E960E275A0ABE2D89E55547CCE1177C18712,nz.co.openloop.mobile.production,5000.0
65630A61AC6A5666AB65F87B0D5A7067E35593B2E09E59F712850F79A1B29F7B,nz.co.dishtv.tvsnnow,5000.0
9CE1354DD10122ACBBDEF7477A65A518DADE23CF0AE1E61E2F9F75D1E3318978,com.reckon.reckoninvoices,5000.0
B67AEAF778E41AEF7C84F9FD9E2BA10924F14966D60B44682C009966F52F7CE5,au.com.futuresuper.app,5000.0
EA33DB16618D2FAD00E09D2631CEFE6ABF6DB1248808346AA396BBFD2F6877AF,com.mysalesforce.mycommunity.C00D90000000vvFgEAI.A0OT2t0000008OIBGA2,5000.0
BC60C5AE6467C9CA0F9F3404931F78DC1AE27B63A7765D908FCED31FCC764B87,com.planthire.app,5000.0
A6157E9C32AC21B79586CC8229647B9E06D846430618AF7AB4738026DF61B051,com.pizza_obsession,5000.0
1B3E519B7B8FBAE54127E8D8DEE9C69515238256A20255702BFF99DC677A5C94,com.xap.kiosk,5000.0
688F1F04631A062C2685476028D83D7BE472BE8DADFF10C6C2E688E81D11CD00,com.visionpersonaltraining.myvision,5000.0
69979DCC8D6348743697E26B2ED58C41571D1B1844CE91CFEAA69BE73496F48F,com.picup.customer,5000.0
9A4FE401DC2B08A9DC5AFE7AD247F5E943B99AC0ADCAA4263E6607BB0D737A29,au.com.gmhba.app,5000.0
1D770684443207849D870AB0444FB5D8EB41038740D31D10D3A3133D72B52B61,net.redeemx.patron.panthers,5000.0
D9F7CFB12A25669638880FF227C40D9D9AF8F83ADCB4773AFE49B84428CD4ED9,au.com.intelematics.EntuneLexus,5000.0
8ECE8E9D81EC00AB91B174DC6FED4AF9C7677F116A78A34632F6A1CD605EA3F2,au.com.impactapps.mcc.wasteinfo,5000.0
2B67AF23B77D547B61D3E963C72E95C7C65866F2703A831FB04F56D7735868D4,au.com.impactapps.campbelltown.wasteinfo,5000.0
CBDD9ABB4904752D707BE39D2A71D2BDC0748909BA853F29ACAFFBCF3A551899,com.myfoodlink.myIGA,5000.0
A80A1B16DBBBD622207586F7FFD651E1B02080A8ABDCEAF86AE18C254C434698,com.myfoodlink.FoodWorks,5000.0
C9B02868D7B2DE804329E6DA9FF650814F1372ED3CC214EFB34F2CF2DB22A807,com.starrtec.ordering.beachhouses,5000.0
01000C5081466EC25760B1E4146B884FE7A63D76740922109255167FE9645765,io.qps.nabeasytap,5000.0
C6171B45D53C80F1A6CFE9A7C2FEA6DF6D96CFAAAB8FE6C1B71DBE5497025934,com.mycompapp.ccf,5000.0
40C6C5E6B247E644AAB4B2B3FCEB8EE8C897C47C16FC79B4659FD3B88470B2D3,com.mrwa.GPSSLK,5000.0
20F6258BC2C44CB8F174C086217635EEB31675221FAA5AF20DC171517C7EC361,com.mg.zs.mgzsev,5000.0
71B88176C0080E87FD3C33FC514DBC2A0D46A100D1CB4A7846A7F3F1B5A43EE8,au.com.medibank.daisy,5000.0
41B5C2DE39B8E40A53F526CD7CC9482290869F1989EB61CDD233CE6394713314,au.com.lumoenergy,5000.0
CDD07D784468ABE67A90BA0766C264DE45CB62D6835E955BEDA92F8C4E4B5EEC,au.com.lexus.mylexus.app,5000.0
738402FEB0F0A186C0ECCA96FA283DD1511FBEDFF8C22E721630CBB36EDD4E15,com.iscdigitalconsignmentapp,5000.0
DBE11639CCD6AB4E71300A39B140B34511C4C176638B0C599069DE2EC3F545EC,com.zappasoft.theausway,5000.0
7D2291A8A06C705E1A57C481A2A5B3B8979E10F9934D94E281B049179E3CCC50,com.yamahamotor.phoenix,5000.0
A4E861057A7C87AFFE470E06BBEC0937249F989FA2848316612A100C11E49B57,com.compono.app.logbook.dsg,5000.0
73F54B7842D83DA36347C74D6F6A9A0DA7D1B470B06327826BAA15708BC2A4C5,com.clockon.ClockOnGO,5000.0
9BBAB7EB91E4E0FC179C4E29C1BBFEEE501FEB4E1F33817E31F50B0274A8F217,au.gov.vic.hobsonsbay,5000.0
35DB586A625123703D554DD351BB5A27B3C02DCC9BEC25D62D1EE0B56A5C1F26,com.app.hubfleet,5000.0
D2B8412D4D2B62D47FEBBA9F6E9A01098F7CB73617406C08B0834EA422E446BB,com.ubipark.app.Townsville,5000.0
3FECC3D9B38E8C7A91935D856DC51FF5FBA2B1DDCCAC6651A53ECB385D0BCC6F,com.tyro.eftposreader,5000.0
29A5C6DCC892AB3E87EB5C34F84E4B2FC06C54CE983A6E359D6AC970659B3CDA,com.truyu.app,5000.0
9FFBA8D0FD1B10176493540AEC06EDA3CD5CA0F16AD15DC7965DFF3A2CD2AFA7,com.cashtrain.com.au,5000.0
27C57E0D8C64BE062EECCAC6D1F496BA9F38378B1B408E2FD2A4C066584E38A0,com.loop.listing,5000.0
0D8F0C3E7B65B73B40AF4D018B53786866B27820B1A193D85CEB18C492E11FEE,com.lgs.membercentre.app,5000.0
68DFEC5688AC224E34D3B7A8329D3969EE1E8016EC1AE836EDBA993855401551,au.com.nationalcrimecheck.police,5000.0
2D02FADAC2D56CB3838390A1B3660C29CD7E0246C30D2A35F3F3779C5BF78808,com.ternaknesia.sobaternak,5000.0
D8E8A7D3FB2151C22317149702D89B7EE7E396F0BD78CC364E9CE5D3F596AA31,com.te.ynanew,5000.0
99B1FEBB35E813D71C0A7553461E66937D83F8A3F3667ACCB7729A93AC809E0C,com.trapeze.bustracker3,5000.0
ED2BFB22BFA79EBDF792AF4A245113A2CF6AC73B23307CF0B8763CF329F59079,com.tradiecore,5000.0
E781A649A9193144101BA3EB52DD4A2E0C71AEC6218E61E425A6F89995D4FEAE,au.gov.qld.emergency.incident.ses.assistance,5000.0
0A927E6CCCA3D674BEF9C247F2109E26D42B576D0DFCD7C514674BD0F4D62CA2,au.gov.nsw.lpi.app,5000.0
12DE73B5F84E5AE471C14391FE54EF7D3503A89EAB14FC217D4B38E80C238531,au.gov.nsw.health.uroc,5000.0
9AFAC0F5BFA083A9A9BC3DDFF187AC5ADF9AA9AB075E673490F7A044ACBA45DA,co.abacus.onlineordering.bobaboba,5000.0
43B6E15910F71402D6D7F1F8330731AF2851376AD1A2316160F10517D28162AA,cloud.mumba.calvary,5000.0
8434360804F13E6119DD38295B1D00A9C8E032042216840F53B43F9D0E559359,com.zeller.zellerapp,5000.0
B9C6BBA18471F5DE3FC0AB8ED9F894618175664AD535ECD96096B3B5FD536DB6,au.com.redcat.littlecha,5000.0
1E58B65CA0FDA0C738F6039DDAAE5E2E237B29740C1F307316D2977B1F8BF70E,au.com.special,5000.0
A4EC6E8EB7B1C331AA23F711398D346A181B968A81811D77454F413E3F4FBD90,au.com.snughealth.apps.snug,5000.0
C8484D8F4A253970F2D99A389B10FF6843E3D41E2280E47656E6DE1B0A92C3E5,com.imagatec.hogsprimeperks,5000.0
BAFD8A466FB1C64AFA8770CD98D98B1815B05DA42EF7845096FAA17D15F710EC,com.domaingroup.cre,5000.0
7C246AE298C7741B320ABE7606FBA6032100E79686C967ACB6D95C5BDD24AF53,au.gov.employment.supervisor,5000.0
927AA3E9027719F2ECB2C63DEE0D921D0BD2CDC657365A7C173D7878DB0BD45F,au.gov.qld.tmr.vfb.app,5000.0
3A1AE77E846D49DAA6D9F42A8BDC723BFCBF4DE77116C8AAE0D3AABE5E032E6D,com.dataforce.runabout,5000.0
D1E02C0D2D1C38BA46BCB3915D7FA7DFE5B4E2E19F059A38E3E6BC4C8CFB29E2,com.themaccu.themacapp,5000.0
52FB144648D248281F41FFB44C51419C285A4C8D2B52BCA9F76955CA0946C3FD,com.theevolvedgroup.colescircle.ios,5000.0
8A3519C4EE81BDC0C6450F815E4053E0B6FA97092606019707DEE16590101CEE,au.com.qldcountryhealth.mfs,5000.0
670B79A1AE70A64B64BD48556715143F0F30FA693BE052FB719C6B36C6D13683,au.com.sccu.android,5000.0
636D128052DB29939323F70E810D321321AAF0C3C7FD9EB8B870615F7D76A2D0,au.com.suncorp.myoffice.mobile.s,5000.0
32740DE3A370AE5AC719556F0B5C8E2C1DC32FF60EF4226F502D788EE5EE930D,au.com.redcat.t4australia,5000.0
39053FFB9130EB421F1599C25D2AFDF158BB97A9BE8335A22C5414809EB015DE,com.fullhousegroup.sportspick,5000.0
988905DB1E0C11FE382399B18F7183C8471C85147E3FD9CC5FB157DC2DEA3068,com.flexischools.flx,5000.0
A345D1E225701B4E8AA5BD2C901E5AE9D47AEDBE0DC1743B81712282C88985E5,au.com.woolworths.android.driver,5000.0
F0E59A884FA5ECC092A090948689EF2502DA4C8B7505ED84A8395A3C690FA5E7,au.com.whizz,5000.0
80F04EC010FE47C90E17FCB7B4B467A8DF43FD92E15C9308F434116109CE3A9B,au.com.westpac.eftposair,5000.0
82FF2253EA4EFF0F599E9EC8B5D2D92A54C5A883F2CA7A615EFF5B62DFDE7E01,au.com.wawcu.android,5000.0
A1403320507409994BE9C1250375D53973EEBC7A312C2F813BFB65C38CFF6980,au.com.toyota.dashcamviewer,5000.0
E328CA7616A090A8B49A566EA1B2D23028C042164E724036FBA151CDBA56B248,com.diginosticptyltd.cope.rtc,5000.0
5C11BEF8892F3CDD2F77B26C5D24C286447AE3453FD7947A5BD2FCB0F328B9A2,com.exetel.app,5000.0
F02424D7AFA46458AF3FC251104B9D752878BAB512DFDA88BB1085DAB85D5090,com.energyflex.app,5000.0
2DEBD73B9575276ECA483F68204B734C80994C131A7B8E0A21840A619298BB1A,au.com.xviewdrive.dashcam,5000.0
02660E863AA6C0FBB46817774672360C1302B50BF3E1CBC0E263FB2A98BCE6B6,au.com.wurth.customerapp,5000.0
DE5E9E43874260DE8F787D5828B0E14CE2C09A8A058ECEABD6FAFE342F2C0FEB,au.gov.nsw.fire.fr360,5000.0
7778D51B9148156DA51EC8838688A1DD7F297C06EFC6762AF3ED7C5341B00DB4,com.elgas.oneclickgasnew,5000.0
910361D03C1E2AC031A69D3120C0BBD8318781283F2168E2EC621CB81723ED05,com.dulux.tradeDirect,5000.0
E8922A7420F5892F03DFE98FEB8F994AB46DC1064A51CC73E7C027F4231AA3F0,app.trolleytracker.TrolleyTracker,5000.0
A036445791630B6B6665AC587912011B9E8A8BB34414ABA8DAB183E80F5DE06D,app.taxfox.taxfoxapp,5000.0
8EC02298F86FD9B4855804867773A4041AFFC5DCE4A006EE7C74528B0DC815C0,com.weedscan,5000.0
45A02DEA97460872374DBF0FAE032EB7B708A474AD736ACE61DECD4280D30F25,com.au.lexus.oneapp,5000.0
ADD088052E130BE7735356BA454E6192A4A1A8618A0B1F0238EE990759A7DC86,au.com.avsoft.ok2fly,5000.0
549CB87337687102B3DFF235BBB600B8801A98DABAC6EDDB089A2B94E6622C05,au.com.auspost.travel.cashpassport,5000.0
6C3E2EB80CF5FFCFFDB879EB3246C1CCA987666026FC5A01DB6CDCA89E2CA0B8,com.socketsoftware.whatbinday,5000.0
F350EDE210A6F8E5000F08328768D116D372E4216D4059F26C82D746AA3825CA,com.smartmovetaxis.smarthailapp.hride,5000.0
C209293A6502B02C660EB445F9CA5DBE9D651E171108A46221515D7387A17B11,com.shift72.brollie,5000.0
16BA9EBAAD162337D6EBE9AC6B93B4E674307DFC8C5361F8E89246F9DC6D6A2D,store.dpos.com.smokinjoes,5000.0
33D5E8010105E86B650C57775027FAB288D50279EFD43A41A03C15A41FDAAAD8,payroll.payslip.free.app.payrun,5000.0
A6C889C19A980FE226F2105D7E492F5CD638B59523ABE14F91AFA340A01F2902,anmfvic.asn.au.shiftplanner,5000.0
A9B01536140FEA761C08AEA6F6D19BC303C4AE6A8EC8F916AF4EDCCB6C445468,app.ats.aussietckiosk,1000.0
3441D9087DA0A3DB16DCEA4B987F878724C7AB8B339BE67658D99083B03E86EE,ramsaypharmacy.main,1000.0
7301AF5E8975E020C65F73F965FD110E5EC5ECD5B473A8FE0D69BA84C26970BC,online.parkat.production,1000.0
51E8E09CB5EFEADDAC9FFBEDBD31DA650046F87E8822A2EAE265E2E7E2B3A96D,store.dpos.com.pizzarazzi,1000.0
7AFBC643FECA9F3F12EA1EF6D261C07EE2FBE9C9E34B26679E87FF75C298032D,au.com.beyondbank.felix,1000.0
7F739920B2FA50122B96FF836C4C6F1F67104563740227250A74C3113E08B3E1,nz.co.rymanhealthcare.rymanresidentapp,1000.0
47831FD5881DED5F1F546BABA0867F57D2C1236A5D2E0C94650DA37D408075E4,nz.com.corelogic.propertypro,1000.0
19571CE5BF142D8DE7A409FDEB7E911EA45FB93AE66F805279B6574AE5B9B64C,nz.net.netsoft.RemoteWorker2,1000.0
C60790035F9714CC5C6326402E47B35232CBEE37F6A59DBC169D782A919A398C,com.socketsoftware.whatbinday.binston,1000.0
06386E534E4731D181E5C2B8BA591551C678252B496935AC8EB4C64756C42A75,com.socketsoftware.whatbinday.somerset,1000.0
28C40BDD56D5295D516648D9C7914B4B4EF738D02FD5CAED2A5BCB64982B423E,com.shift8.brodies,1000.0
FA67212C66FE197AAF4DAB44CD49A844E3435D60CC4A0D4998EB010AB3C3EE97,com.shift8.plume,1000.0
A100A5DFB6008B0EB493F2D98A6111D429F085E692951838CCE2518B4DF9D3F2,au.com.aussie.app,1000.0
EC87E4AA4FEF9DB05CF40B6E5DCB2DF170020FD8052C24B058434E00E83D813D,au.com.axcelerate.ax_trainer,1000.0
F2E6650A6B620F79501C8FC8178FB31BC728CA1A230236D6105B4FB61C7B8EAF,au.com.bendigo.app,1000.0
FB51477B1EB7743807697DB732D718BEF5E66440D1AF9DD512F5FBAE4347F26C,com.au.logmaster,1000.0
1120B5F296EE9F132987E04F94BEF6C8D69B327D13CCEF5F6391A25E64EA6169,com.au.prd.BOSSTAMobile,1000.0
A079B9F9ED87483DAD0AD8BE51997C50ABCE8DE150688C42104A5BDA55FAB674,com.au.prod.AllegroAU,1000.0
DA7EF5480C07142E844A5FA3B52FFF14D44876C8B8DF07745B80437D36A337AD,com.au.uconnected,1000.0
16B4D005C85F2F51ECF99F2C7F6B06A7DFCD620606AAB0CAD149515B08A3F57F,com.whk.app,1000.0
9D81A2B54A0795F4000A9B2B9289A17341360408A9E668E13ECBB254ACB9409F,com.drdueducation.drduapp.mobile,1000.0
2C192DCC827E6FD438E89A68BEB8FA952848DC1AEB75761E5601C213A0A0E63E,com.dyjesbt.apprenticeships_info,1000.0
A8CD9D5E4A1691111E34C5E4031BEEF6D73CBBF37ECBBA39DC682BA90B67C0DC,com.tolltransitions.tolleicr,1000.0
BE33EFBDD36071905F658B4ABCA281191CC7294BC5F97D383533576BDB6D2439,au.gov.nsw.education.astpdriver,1000.0
B8D13D18DE754EBF0B659F05C19CFC3A675A4EB4EEC06349CFBB3F91AF0A709A,com.eml.recoverymate,1000.0
24D857BA843BBA2DD6F2BB802E176FC4446BDFC4CF3CE853F3ACD0B655AD0C11,com.zupply.zupply_shops,1000.0
8F0CEC3EB7B2C0A7F18008FC53C1F0AB0FACB470C4722CA58E5694DE7EEDB0EE,cs.cs,1000.0
E32665DBA8F62D4F6869ED5A0BE0C7BE84B79CEAFF7838F9E121B439D80A1F01,dev.theVille.com,1000.0
B95575BF5EAFE723448A14BADC79B53E19FD9A7D2764E20B0455E54047F553A3,au.com.yqme.thepizzakitchen,1000.0
0615250720BF87E529C22B8D593FF2DE741923BC8C04BE7FFA728F56B67C2BE8,au.csiro.aehrc.moter.mobilerehab.gd,1000.0
6616FA54712E80476F2E2B6A27BC399154E249E39DB4DEAD0FBE5BDD8C8FE2F9,com.etools,1000.0
65201A6FB4213D47E483BB4FA35DFAFC23D72F1636FCFF66A154BA4E69F159BB,com.evakooldownunder.evakool,1000.0
414BBFC1C7E6180BAC215D869FF543C749A87C6F0EAB16BC3D35045A4FD73208,com.eziway.eziwaysoftware,1000.0
B57E0303DF7109755819E327803CE31EAE3771DA0DF6EF5284441B88CD7BC4A4,com.ezwage.employee,1000.0
348B0AA95A45DE9BA1A8ED7ED2533AB8C5A7113D682F547635C525BBEF9C1663,com.f17y.alparticipation,1000.0
43D639B246FF038F25535C5AF193EBC66332F0352A2D55167CB9B7CB57916094,au.com.shoal.app,1000.0
19CDA742A7C726AAE4689EF18C7CEFCF1120D8D7DC82CD93E3D961BF0A4CADF4,au.edu.catholic.cns.myce,1000.0
654D4E95D2711660743408186704F00593DCB67E0C42C4006B3CEF497FC746DA,au.com.ueducateus.mobile,1000.0
AAD8E3DFB1531F6023747539783AD38348083A89CD1A70E96086949946B53C86,au.com.unionhealth.mfs,1000.0
801C0289317BCCD818C0BD730A6DD22FF3938D745752284CDCC6CFCFA643A750,au.com.unloan,1000.0
D66BA79DEA89C6F3F98570924BCBD9AD1DD8EA456B6102F4726D612BFB6BDF66,au.com.vpermit,1000.0
19581FF487E5D9BC91A41DC10D0734FC001ECE1B6CB387ABCF54B3A4666BFA90,au.com.whizz.whizzardApp,1000.0
F5A02656D75A2773F56814054E3BFB59C688BCCC61197CBC6F4A9B282780CA3D,au.com.wilsonsecurity.ontime,1000.0
5017B7D03C150915C4C5BF82ABE2752D0680E990C31621B64D26DBCA60B41E78,au.com.stjohnwa.stjohnresource,1000.0
1DB7301069456E00ADC77BFA2E418723268094814257C26A32411BB63933E691,au.com.spriggy.invest,1000.0
55877A87C6C8AA2B2ED2BDE7F235D85F4000E05B3F43E39B997A9585331DDD48,au.com.sra.ntasb,1000.0
8A7A17E1A351DDB93BD5FF91DA1CC7ACA6F09906F1B9AFA649686A602B7D8E13,au.com.redcat.stacked,1000.0
F9FEE92094FBDDC223D6960500233E797F7F0F6A42F369E3C5D538719412629A,au.com.redcat.walkers,1000.0
1D21000D5DED067AF1228BE4B931828D82644EBBAD3D68DF822B7A9A125B5FA7,com.inform.platinumfm,1000.0
498EC3210CA0A307BD5C58EAD2F54B22B0B0CADEAC0455543F50785297CC4827,com.infotech.dkt.au,1000.0
2C9E7620D151A05BF36F9683F635E5FF8C0791648F08597250C332A91FAD8D53,com.gnhearing.hearingau,1000.0
132F9CDD1043DE3E0ABD948E5D127AA4C7CE7AE394E1FBADCF0C92D0AAB28892,com.goodbarber.wildlifewhales,1000.0
0800AE95796E409A1640456B51C04E2F2ACB1118380B90360301212B6C8A84BB,com.goodmanfielder.delivery,1000.0
292CFAA9AB69048EF68FCAEC8C413DCCB1CFE8C32FD087EE6DA88D81C8C687D5,com.gwm.oceania,1000.0
5ECA871A11ABD06CA31E09782A04C5AFA3B8C3D04512D6D80A4246BDFF08E99F,com.hastingsdeering.employeeapp,1000.0
BDFA864561EB18443DD8E9AD5EB1E49A1F889A24F14776F5DEB0D7ACAC56EAD4,au.com.supportability.supportabilitymobile,1000.0
4B2E114BE37D20121E69B0B80BBE624F7047BBF5FCC81FB0E87F096E50AF34BD,au.com.thechronicle,1000.0
15D38DB5F0C4E2FA3E5AF7A9FB35305B80E97C9FC3E0A4FC40972201415DC42E,au.com.tmoz.app.v2,1000.0
BB38189DE40AA34D97A71FB0B7F17A8BABEAB74C8EF611D51BEC75CB79A1B6CD,au.com.salpacaus.salary_packaging_australia,1000.0
DAF8DB107DC5091DD10445F0EFE7D29AC01A86E4EBE388E711692ADE68F264FB,au.com.shannons.insurance,1000.0
6F1765EB7F66B2DFB9B60EA3D5D9F2804C631FA2817628EA4F01D8B36B19158A,com.tgl.guidelines.fiji,1000.0
68D45FAC1B6F2B388AF2AFD37F77A3A47115E5DBF9273137E86745E57F47C75B,com.theprojectfactory.grok,1000.0
92849909D7F288B4DF325EB6343D04A12EE9BF7688D18DA9FC626CA7F3E1D7FF,com.heyyou.sphinx,1000.0
DC1DAFBBCE24DA23B73879D1C6A325330DE451E5CD64289F0DE77C0B9F0978CF,com.cscc.membersapp,1000.0
245E36DD44E798E0E8F47878F93C4217A7810D6C64D13D54510113B21CF4C1D2,com.dair.anywair,1000.0
DAA2367CD29909AAA35990B9B2F2A6F3DB757ABE444FFA33BECE698265534FEF,com.damstra.DigiCard,1000.0
C0CC2A85496771229CFB0AD243B92F775715679BF78F925D8C0C6F04AF0324C0,au.org.mello,1000.0
5A2450B0A7416B639C6A846711F5B3583A4E74C048790A10B96F75D32ABFE41C,au.org.most.app.development,1000.0
06C270400EE3D47990512EB3BF7F6A967C5CBF34DF7AD0D5CA6B4F74725A62A7,au.edu.griffith.dvbystander,1000.0
BF6512455BBE7B7A996FD5489BD3D57270FCC9CE7D5E8462C9E5AD328C74ABEE,au.gov.doca.nrs,1000.0
9A896D7A22E07E1D61CC281BC425C27903BEB946F0056B009356258C822DF154,au.gov.gbrmpa.eotr_app.twa,1000.0
8A78D6F6DFAC426E02EE2F4228306190F094DDE14AFE39ED9420E03C5260CC6D,au.gov.nsw.camden2,1000.0
F6674438C3AE7A497AA77C0D9294FF1BC4208EF2F26D667FFC1B088D554D22F3,com.zenith.zaap,1000.0
2B5A0C0CC6166B5CFD3CE863BB0A017E49E84D2B414F62D688691FD124D04A7D,com.zown.mobile,1000.0
B4DA5CE6237C4F8A28C82B45C50F0E11A1DAA92E95B6A89890297D5C63EC9023,com.doorstep.organic,1000.0
2B782ADEF9A2C100ACDEC3BEDEB1A1D3AFC6602D88F89CBD6ED6351E693306F0,com.houseoftravel.mixandmatchau_android,1000.0
491F4514FFD6BFD7A77FC88DB389338316A943A200B4DB1CBAAEE5C922010269,com.iappraise.driveit,1000.0
401363E32CBE265988D2952885A167DF8C8923A0188740EEA3AC3537DC452696,com.imagineteam.doctorsbagnew,1000.0
DFABE9C28A87E1E281B97E94615ED4CD28838A608FE3B4390AB724A220F61C9B,au.com.sodadigital.nobirds,1000.0
9F853D41E0DC2D5554D33E6C5006F4DBB3F76049AA48DA10C21490E8BEE1FD99,group.flowbird.stradamobile,1000.0
E908A417573A2ACBA5FD8055A0CB7A7731BD08A8BDE7159CDBDE0ECD7F9AA7A3,health.c4c.canview,1000.0
A42D6472ADDBB236A0E3CE483D041A629CFE5B568484D43CDD550D6716572043,au.com.redcat.bluedoor,1000.0
87C9B983036A0BFDEA7BD9E5BCC2F97035C70556DA82572F1CE1BF7A6DBDA6AE,au.com.redcat.mrpotato,1000.0
B4A094CAD9AFB7F169AB4768F18B8A1345CFF7F427E78681BE6255FC84787979,au.com.one.gift.karta.android,1000.0
57A9B4A2EEC7D246C5179642948492736C581E248296C0CC9A2F29DB3275F95A,au.com.onemedifund.mca,1000.0
B0F07FA1CADB9D54959AD9180447E653315225CF4A74E05976E7966934AE708F,com.keystart.compass.prod,1000.0
824188DFE1428ECB245B0444BD9DD620C4FB83B7C899846156DA7DE4265E2E8E,com.tantzygames.choir.mcf,1000.0
C8C524966FF377A0DF25BF6D0BB51C174202849954371B3AEE176BB70A4CB3E2,com.zedtechnologies.sonic.qxrapp.android,1000.0
9FF9B68FE9A6D0800E6B3EF5AB24F833A6A9B83B63F27B7AC5C6D69C101E339C,au.net.ideliver.idriver,1000.0
96D69C1E439FA86418C64275A06075D0D88708EECFAB41673CD7F25F00EAA101,au.org.blackdoginstitute.tt,1000.0
46E50115F7E09017C3FDECFFBA5FB1B421CE24CE1F61BE8A1EDC8D5BB9EE8459,au.org.ma.maridernet,1000.0
2B5B02782BC873DDA6B4BA7FA9A62B1773A68C3E47AED1BF6FC07533DE14820F,au.gov.nsw.tamworth.MyTRC,1000.0
B5C1139AC561E92596FC74853EE51AD9A6D2D7C139252F7993452EF71AF79061,au.gov.qld.dnrme.marineparks,1000.0
3C3D5CAD3B16D3A0A89C59EBD5BD37A93F5B4584628C819961751A90840C2A88,au.gov.qld.tmr.QldIco,1000.0
CE03A55BFB2B2E5EA3DC6C3301D9D7B7139DE1ECCA8940BDD4F7766F864B9739,com.trackmyride.trackmyride,1000.0
C1DF6F9387C4E19FB1400A035F47D3AB5F3277310614D8D242678C6CD0EB80D7,com.taxappptyltd.taxapp,1000.0
278B168163388B5ED268BC9D3A0E11A1E42943D1AF535D3D01562C1A604E9235,com.taxleopard.au,1000.0
FEE8ACC73E66957149E6B280184271A37F8402826AC9B828FBBBD5AEF845006B,com.tcu.cdcapp,1000.0
174EE50FBB73175A3D49F692F22BF95891D8D5177E8A54011BD895895CA772C6,au.com.riide.cars,1000.0
5CF4CBA5CF1A97AC628FDB76584D7BEBA234748A98DB0BDD5C89F2F28634F9AF,au.com.safee,1000.0
DC7FBBA9C28FFA854100C190459F374B7DBE1DA1C97DA5132E3ED9445276FDF8,au.com.mysportapp.fmnc,1000.0
E0A522FA62231323A910FC8413FD7CFA939DB77DBAA1369CFE01C79DA954AA09,au.com.natPOS.Xpress.FredsOneStop,1000.0
6D7088B4D8AB116DF8360D42E4A066B640D925364C49DDC4FF305BA3626D1A95,au.com.netstrata.smata,1000.0
1B85F9E3A49A6EC78FE510216EC9378677992608F92E28D8D780F3FD843C70A6,com.lci1.onecontrolau,1000.0
74EDBE4B65A069816AD842D10DB11484FE0E5F559999FF9B815828792A5585C0,com.lci1.onecontrolbt,1000.0
EF9CAD4CF34D9F0359C0D3A899EE03B24ED7A304E77651562F0FD2B350434256,com.liftango.aucklandtransport,1000.0
EE21A1938D6F0715509EEF63B8BDA4583508A41C04220D264051E4C5A25AC39A,com.cex,1000.0
14A08F0E827E3CAC7A6F96F99117EC6389CF0A9083B3ABF072DC1402E027D36D,com.ubipark.app.qvm,1000.0
1E797A17B1263C5528F6AC904AA391E312C37086342BE61B555C09857DD66160,au.gov.vic.epa.tracker,1000.0
2ED4F93C4419F3B8E38D0500664FCBDAF7F2A70DFBAFB6EE55EB850070842FC1,au.gov.vic.getactivevictoria,1000.0
4DBE2674E4AE24D01298C919C83EFCD73EAE992FBE7025D0A5B4B067E867239F,au.gov.wa.pta.tpassist,1000.0
6B72D48AC1F19C6673E1F4546233FC388A268E1C41EEC090F4D6847AE677714D,com.compaconline.mobilepayment,1000.0
5D79CACBFCEFFFFA06993DB5514085CC720053BD756434EF58D25C26228B1A71,com.inspectrealestate.homee,1000.0
CE377DA4E3A3C36D6455B453198DA88FE67762B21CD34D1F78788BD0677FC743,com.itcc.entipriusapp,1000.0
09DF8237C214CE3C9B37762AC1B9C4FCB410CEDB8B87FCAFC8D3DF6DBC3D5308,au.com.ozfoodhunter.ozfoodhunteradmin,1000.0
3A218A43364C0923B74846377FB45699336771E4996258B6FCC8449CF36CA9F2,au.com.perthfootball.app,1000.0
2B22236D5FBE236974071BAE317748E51E3D9D66BA1FDA837E5FD693A20360A4,fireantaustralia.sesmams.prod,1000.0
243E8ED44BA0FF545D20E1283D88FEFE4C29BA92F1195DDE5888132E02F809FF,fj.com.vodafone.regionalwallet,1000.0
F6A15D6625D6B786245B2FDE08F9721E5EA5505B9A23450C598D493973A71258,au.com.liberty.online,1000.0
2E3CD59F4BE624147C920538E0323255EA0C31DA6480ACB7BECD0A7D5A282ADC,au.com.medibank.betterminds.prod,1000.0
5E86862D95BB209B51FED4B053BE852048F13D68ED74CB0D817C389DC52D816F,com.medimapgo,1000.0
5050BEA2A0862EBE55AAACF7F409AA461D3E6930D48EBABBBFBCDFCC1743B07A,com.mplapp.app,1000.0
CBDA0B22670DC9E166698B31BA9F470ED8A2323A8BCE218F6B9FC77B413537F4,com.mti.byo13,1000.0
733F2E798EFC1FA8FF2E68A926B59535A12EAA431AD90FC116F46015F56F8158,com.konec.konecmobile,1000.0
88F700C724E115D702D6A5A481B7CD9927E3C717E0859E84E91DDE08DD975A73,com.kttipay,1000.0
4AC731D43A70B32DEEFBA8CFE053F0E81A768D843FB77E00F94442C13F5A04B1,io.devlan.rfspager,1000.0
4DCCD1695BEA2C3E39007760DD0290F2137260ED95E0C9C12252CFC4B029C9C3,kr.ncn.uvue,1000.0
57C188EA64DD12EEAEDFC0091FD700F460A28BC0D2FE32B61BC5D573FF20022A,com.socketsoftware.whatbinday.surfcoast,1000.0
FE529CE363F323F3B9F9B5AFE8EB8ACA5B0823AD57BAF4C7738C31D022847F4B,com.sonichealthcare.sonicdx,1000.0
9ED1267F43866641D70D60F6AB4830933D9C634DA4B8DE1206348A2AFC51609E,com.spnetwork.hcc,1000.0
7E7906482131CCE847F5BF94FE250FA7AA5D616DC037D09B91E5D0341149455E,com.storytowns.travelapp,1000.0
A02DE646A5A295A5AA868C8A541B9E5D5687F20C0B24FB3E45A941B7E831FB8E,com.superrewards.mobile,1000.0
5DDE1361603A8A85120068B73CDC58BDD56957A012E1D43078260FA60F2B6990,com.sydneymetro.sydneymetroconnect,1000.0
02B316356EDD8B7059FA3887146278605086DCC32B99BB62646D808CCBB7DE69,com.mycompapp.ssf,1000.0
CE3AE5684AE73B44A25F208D19170B0650533CFF0CDCCFDB2602A033C3175F4A,com.mypreorder.coffeetreat,1000.0
4888DB9ADDA4483BDE0EB325C612D5FB4A6C2EBF1252576F63E28940B5320FF5,com.mysalesforce.mycommunity.C00D5K0000008aaoUAA.A0OT5K0000000007WAA,1000.0
CE5D5793F88E7D05205F2F9456A005DE9DF5A5A9DE46E8C7F5A2F1E3CCBD04F9,au.com.omfnl.app,1000.0
9C59433A5E5C87C81F0CD433222355DF0A13F73660BBB5C8D3E2B792F62A96AF,au.com.joincitro,1000.0
2FD330FE5B9320AD32240D346B12047F50BDD2A50B51B65A5527AF38FCA1E2AD,au.com.latrobehealth.dms,1000.0
09190289827DABBAE07BB855452F090E92ABF2E20EB25408ADC17CD86FF5CDF7,au.com.lawnsolutionsaustralia.app,1000.0
F2E8BBC197333D422031727FE41046A8BA1944B5CD8D2F5BEA365898AA9EB01D,au.com.impactapps.ballarat.wasteinfo,1000.0
8445229DD056D3E044DD766293F75704F5E4072CA4DB3E4EF090A6A3E9CCF542,au.com.impactapps.bawbaw.wasteinfo,1000.0
9F9769F2746337F17C584FD761E5A3A6B0BCA619FF1B596F9CD11574E57132E1,au.com.impactapps.cessnock.wasteinfo,1000.0
2AFB326A35A3BE310552102BF607A09C8F52505B2163E422C177832849091FFA,au.com.impactapps.kempsey.wasteinfo,1000.0
C00B839139ABB7B58310728E3FFC54AEEE1BADD40E8BE281B6001E206D79E623,au.com.impactapps.snowyvalleys,1000.0
1671B3039285EDFD7DEC886A04CCF6FE0D5FF0660C848BD6E59C09B55DE9EB6C,natPOSPtyLimited.MinchinburyFruitMarket,1000.0
368ADF28776B4639551B7DC5CBDADEF5C477608228A60566B43D2B77E4A2FCDB,net.truckit.mobileapp,1000.0
6986F74A22A41941A3F4F06E5B06D905F5926AE352A15676EEAEE16345D34F39,com.octozy.kartingaustralia,1000.0
B63B5F3F1C56210D7A3CB6E82C8BE24D38F774262C7E053A8EB209DCA63CC089,com.oiii.oiiiplus,1000.0
85672A0C5EDBE22410A30AAD9A335431631152A22E372A1B22A15898E2582DDF,com.onesto,1000.0
3EA01879E01FE3551F17B99F9E113619CE37DC420FEC086809F34E35493614B7,com.opel.guardian,1000.0
2B06409F9A79875E5C106B70414E04EE1B902D3D9C34D5C337D75FA20C713CD7,com.origin.reneweclipse,1000.0
119051F429B788308DB45852F0F74D54069611B45F29A0A2CD4C65FC6E23A29E,au.com.grange.app,1000.0
B4506DCCEA107CBE56BAEC1C0F2EA41576A51BF45A418D3353028B01AF51D10F,au.com.harryscafedewheels,1000.0
698154B528D10B134E4FB700F3CD1909A2A667526021C9C8B3245ECCC1073056,au.com.hellosarnie,1000.0
94A8E7264488E1C52112E7754431B98C1BA1A80A31F15E4BE7DD188FD8BAFD6F,au.com.hirethat,1000.0
59F5BB1627C1163B56CA664C01009079866CE1B1BCA94787A53A54141E152F37,au.com.homecareheroes.homecareheroes,1000.0
1FAA1BA667EF1901B4E4F30D70F4D97FE7098F67879453770D8DAD01275948C6,au.com.hotdoc.android.bettermedical,1000.0
3C3C6B7F58E6ACCF10E6849AFE67AD21A5A4D518B88535FF1921985AF32ACCC5,com.phoneclub.fliptv,1000.0
97798B7DB74FE939C0179576B2E5442B040A7D7A5AD383AF2DB6BE61779FE128,com.wagesplitter.app,1000.0
14771F7AF03B06C77B0121400675E199E0687A1618E583A5811CA9BEB71F3CA5,com.wahlburgers.au,1000.0
B0AA47705581B4AA4C5DD54C1E52437EAC4969B3A2BC0A405395C6C23031E73E,com.bitebusiness.fishbowl,1000.0
CBC1A9CC24D69134E576E3620EF88B447E69B3C5188BCBAAE9165653B1F88564,com.bitebusiness.thepizzaplacecalliope,1000.0
E62606E926929B1FAFE6A71154CF05B0F9CDD8E04C6F46EF385A53C6A148BA22,com.blesspayments.bless,1000.0
839641A4940FAE1ABD3AD5E76D0B834EFADF0118186743D73DA5607764EE5A72,com.boost.mlp,1000.0
F377228D0F598F2E2BB94565783B97B7451860992B668CB886D8478A45EEBAD2,co.au.GreenBotSpv,1000.0
4E765B59AF634C9A1EA4A6E8178A0390908DB9B722A82D517E9CAC0E4A3EE52B,co.au.parkedin,1000.0
09A03598BA5D1A98BC0C36A200821579E026985C52B9A357D9E4913A97C4AB7B,co.firesmart.nsw.mobile,1000.0
CEE3BACD2353763F9E822C660E02B71A3A644799FD6845959D652830082B2AB0,co.oexa.scripty.app,1000.0
7372A7A7FC972A83D418F1AE63F814414CF863E866587DCE6E223C1C3CF7AA4C,com.xponential.stretchlab.au,1000.0
EA473E81BBDAF26F940273EDE93D1F64860E0EBC60F18CB3F3DD31037E89B8F4,com.breville.linwood,1000.0
0DB33ACC7E9B8F7DFD1A4470049DCFB044B902BD874315573AC3F9FFA8FF632B,com.buildbuddy.dev,1000.0
26F5E7DE8B51EC040862350F7B12F0FFD3F809C8A024064041A73AB458CD0F73,com.busminder.willunga,1000.0
8FDC3E364E55E48D3B95E4F2DE41661090A9FE19DCEFB819221595C2ACEF4B2C,com.naeus.explore,1000.0
1E73396E245EC258B0538D8056613CF45E3A12C8852B97F6F76FA875E0476BE4,com.newstargames.retroslamtennis,1000.0
43F4E0DA9843849667F6AB8AE7C2EDE396781958ECF67464DFB3A93EED3DB548,com.noggin.tams,1000.0
ED9097E220AE4E055F6805259B3B971A44A2EC214565B874FC9681D3A4BF9251,au.com.mhs.app,1000.0
A106E4E24B4E723D4E3AD9467714564CEF706C6576B3EF166C140EB86DAAA2A0,au.com.frequentvalues.autogeneral,1000.0
B7092F6AA958CF5915CA823EDE683D2AAA59031E8EEF6A8C89BF3CC6E9AA4CAD,au.com.gander.app,1000.0
5C2BFCC52C55D81BACF20CEC8E88FD6C8FF03FCB7E40EDDBF8F1DB9F0827A6A1,com.qantasfreight.direct_to_dock,1000.0
41EB4640BD91F63CEC9D71941D6F7E84C0377DA25C500D95AA705051DE6FD64C,com.quiksysptyltd.munjabakehouse,1000.0
8BAA41977488CD97083CF7257693D2DDEB0DBAC0439F252194DBC54A7CAF931C,com.ravebuild.pro.prod,1000.0
E5A4F306B991E6FF538AAB3683AC36460DAE202763C9122A82C432310823DB72,com.outsystemsenterprise.ramsayhealthcare.MyTime,1000.0
2E940254E02787FE5BE24DD3E52A55D84219328AFEDCCC5DFF2AAE00C6510A03,com.oxygen.gmcabs,1000.0
7CFEC95C1100549578BBA5DDC1131150C0644A7E069A5102AC448DC1CC4DF09C,com.ozrunways.rwycheck,1000.0
D641DBED0D03E3BC82946C30160225091551AD71A1A1721D9E985764971A4E18,com.patersons.clientportal,1000.0
2EA71351DB362734508DE6B05072EE6029636C9B0202116ED8C8CE1F01B976C0,com.perfectgym.perfectgymgo2.pac,1000.0
0C30CE8D86B1281267678346FDDA08032BB491CDD408FB7FA77B32E5375C7CFA,com.perfectgym.perfectgymgo2.pfNewcastle,1000.0
154724CFBB44039CB27E349873AECBDE10C1DD3A97D0A0B08D966579FBE41719,au.com.cuscal.redi2pay.wacu01,1000.0
BD248DEC09DF13ACDC8EA1B53A5924D37EC68F0C3C1624C838F2EAB294D6B6CD,au.com.casu,1000.0
088DADF63A9AA3C0C67FBBFDCB86F8F36C33553AF135043B56ED0DC86401A5EB,com.rednineteen.aant,1000.0
6ECB7A74C8E1C1EDA473D14D007B215209247062DED5976E50BC04CF3683D686,com.rfg.michels,1000.0
38AFEFD84E5C9A9E1A552D0827C7ABCEED5E84ECE829A243DE15467C9E1BB337,com.bami.app,1000.0
571B8A4ED492F62B91444BB38FAC70962D09C13C6889888E836A9101B53D9F28,com.baracuda.smartdose,1000.0
A4AE7B5347F237F336A335529E96306AD8D402EA75991939E57B3B9947B1F9A9,com.bendigobank.mobileios.BendigoInvestDirect,1000.0
64BB68088C446FE545866224FB592D933330F2CB3AC4F0C40EE660B9378E29F9,com.bitebusiness.astystakeaway,1000.0
DA1F29443AC525D4697553D6891DEAF559DF992DCB5B61E8B6F05AC5994D107E,com.appetiser.rease,1000.0
80B55C58ADF23E216B240CD4A436677CF392DDBAB06BB356543D81516616B673,com.artisapp,1000.0
246A881D40DA6DAAB77E4416EC0F4C2DB3FD0FAFBC99938AD85989138687BB06,co.tapcart.app.id_VZSnF8p6uD,1000.0
D6F48A9273CD9058B8879FD21F0F1FD67043E49013CAB12E28D41D3CFA212D51,co.tapcart.app.id_pcbSpaFddY,1000.0
69E2B64F54693FDB00F4B9A937E6B7BC96AE197A0CA737CCB162CBC7415AA5FA,com.LaTrobeFinancial.BorrowerRequestApp,1000.0
AB68F0BE21B8EE6AF31A93814F8A495659BA99A2D650F9FB130F5495762E843E,com.VMS4x4.VMS3DX,1000.0
82CF502B32FDC8508B47F16E73078A4D7F138D7DDBA4E3832D2837FBC238A00E,com.vds.myhomecare,1000.0
25B9041D6004A717D3E861986F434CCB579AB992E13A07596D0AE70B84A794DC,com.psaproducts.intellink0,1000.0
5E42BA7D35F321E2288645C36E71540B55E5C34D62FD08AE223D2E71BB14C723,com.q.quallogi,1000.0
797CEDC2C7AE8EF11C49443167104B4046DD221D2B430F5784CE5391993C32F0,au.com.hugheslimousines.publicapp,1000.0
F3A271989F3F2BFEBE66275DE310D25DBFBAFE2776156447969531B6396F9B60,au.com.catchpower.monocle,1000.0
4F74235362F22401B14B6F1884B1D6B3A37C83B6FFCB5155A115780880CD11A2,au.com.cfs.firstwrap,1000.0
02B54AF1B65445961497260501D64CDE687B73B929A9E699320EBA09B91A6C1D,au.com.collegians.app,1000.0
97F9B987014CCF68781D4B69A361BDD429FB0949E25762C65F3ACB184882FB09,au.com.blockearner,1000.0
3064785885D412F6D65D7921C7BBF0DC0B762BDFF5A9FFB03A385F2776FBC0D7,com.shop2app.safestyle.au,1000.0
9746CB67A92877086C42D3AFFB643A5F3D1CF1248115594FF99C00907D0AEF59,com.rockend.contacts,1000.0
68E715BF827404BA489A146C5BCB18B80707969A64B1AE6C349BA39C96991175,au.com.anson.nightingalecompanion,1000.0
2D0D845ACBA90BB050985129D715CB9F66DC1C5BF968B8589D6AB806D2B25898,au.com.apco.app,1000.0
8968CF3AE179043D9D5A6A66FC01ABB59670FFFC256F92BD785C4C790E81DE29,au.com.atex.mobile,1000.0
15FE70150279FBB20473A853DC7541DD36A297A95F0ED435963547CD051031B5,com.winnerslocker.winnerslocker,1000.0
B3A8FA6F20357120582FCFF7E53AE17F672070B0A9D9F0CCFCF9C58EEB9E1CA8,com.abacus.glutenfree4u,1000.0
8D63AD59C520F885A681EE640535CE229A8F10EDC70ECDEEAF8DEEED11D71BF7,com.abacus.newonlineorderingChunky,1000.0
594C56FC2A968BED5E4FF7971FFA84CD911AA0C5DB965111BF96FDC2B17FB97C,com.abacus.newonlineorderingHakata,1000.0
DB6235F7E329C852BF3EFAF7BFAE0A458314E5666038CFFD125D47FD850688BB,com.allocatesoftware.loop.australia,1000.0
003388019361DFC9FF0CC976C617559D18DCA9AD8F4772B7E41EBCBECF28941B,com.automedsystems.amsdocs,1000.0
234D210B30B5BF232D9BE13CC3D2C5D67D9B9802D8BCCD897607FE110D3D4213,com.automedsystems.oursage,1000.0
B289FCD3CF2D75D0A311AE14DACE0703077D47C1727F027DD44F6DB446B65069,com.royaleess.parkiteerpassport.parkiteerpassport,1000.0
00A8F91C40C0B999F99841B3533E6A3128843B52C19404309E88BF2B94E5F0E7,com.russellinvestments.supertracker,1000.0
15A7C3676ACB0ACC09A0B787CFFAEEE92ED992C548088F5633DFCDBF65444428,com.sandwai.clientapp,1000.0
B0CE0E702A48ED9BC2F4430253F018D4EBC852CA348BCD6ACCC0FEDD10A260B6,com.sawater.com.au.byob,1000.0
FE7AB53F253E6FD56D887DDF55DC48E7A85876CDCB813BDBEB038F23D1375948,com.schlageabode.lock,1000.0
46245A61DD6E0473F9217998DE9AC01369532B340063BE5FE2C9EF16C2BAF3DC,store.dpos.com.madtoppings,1000.0
BEDDED40E44E51675153DDF85E5F3D2ED2780D285A2A5B0519AF976B8D3FF550,app.offendersinmyarea.android,1000.0
FE60C84CF7CCAF765E6FF0651280A12EDE00D80FD8BC5722C04D5429BC3D0CDF,app.raremedia.ola.m1,1000.0
35995046F0488A65E9439400B39DC52B763134E3935FCA3AE29556C38B04BF1B,vds.visualcarego,1000.0
C5F7D3A45E5744D7B7BED50BFA33F1AA32DCA27059BB6A0B47F56B898056C0AF,com.shoutforgood.terminal,1000.0
8F988C9B2C4919D66915CD0CF23AD4E076B991ADF7C51DA935D8F45F73F830D2,com.slsa.operations,1000.0
842B49E54EC89101AB8A146A2F0B87B67109A747EFC0107273D4C4E309B567A5,com.smartmovetaxis.driver.smartmove,1000.0
5D1DA4878771E1397C15015E0F0592578876CB2F6FB46FFACB86DCFB5E4D44E6,app.trolleytracker.TrolleyTrackerCountANDCollect,1000.0
D897BCD07673930C7AEA3495A83FBEDD8F0D39FCB23013B7DD6A0A57CA907A46,au.asn.breastfeeding.abamum2mum,1000.0
C52B189226F27536118919EF7C916C7A1AAD99C66C813C6468DAD66308EDFD60,au.com.addamdonorbank,1000.0
7348805C8B4504E9718547A41DCED3EFBE06D61E1F814E323E3F689777B04948,au.com.aia.health,1000.0
5E348B77BF3280D0AF314F8C794022971909DAC7AB0B897650B5A019F71B85BA,afl.teamcoach,1000.0
E80263DE77E9040E6A265B1ACB44B1E491C4026FFBE5139F7156DB3783FD7F99,adamas.traccs.mta_20_06,1000.0
F8E13252FBFB607DCF167639244BE0EC8C4634E9330C26D685513730B1ABB86E,app.gifta,1000.0
43AE2BEFB79CA5B3104CF0544B3006F440F662466E3A42A99ECF2979AB8406E6,app.highend.high.end,500.0
6DAD6E1906B9F925C765C8F700508DD7D18CBD560B7182153E8889A244EDA464,store.dpos.com.pizzaheavenwodonga,500.0
8F9A9F62D7BD3BC9E03DE0E2855F2B1FF5DF62F5F8B1D331B5527EFC101AB2CB,com.sjm.crmd.patientApp_Android_ANZ,500.0
14D5F0658B8DFA8A93192E0F105A2CA3BBCBE895F61403D17DC4615B8DEB2927,com.pavely.androidapp,500.0
A8592032A452694106A256A8722E92125FF74AB384F0CD5DDE52F72CC83DBFB6,com.sheldoncollege.schoolbox,500.0
E1EFA694A7461B50F49488D56B5EDBB54483F6C7FDB9EBE79E4A7713D06520C3,com.samleatherdale.tripwatch,500.0
A13511BA557A4E764FFF7CB1166D688BC5211F2760F958B918127124B64E10C6,com.reckon.reckonmate,500.0
C3C8E74C6BEA32B467342BFB40315686BA6147AB6C202C27E1A579CFA3CB1F4E,com.scratchie.app,500.0
6B00692A04FFB8E006BF345E580F04C707EA1235537A95544DC34C9800F9E2A2,com.theprojectfactory.avow,500.0
76CA77F2C8F85124A54D8E119C899F2EA7A089E0ED5B03A3827C276067F7C1D5,com.telstrabusinessandenterprise.telstraliberate,500.0
66BC6437DC8FFC69F4B925FD124DC07FFAB6107779F1BA1F79046B906C6AC31E,com.mysalesforce.mycommunity.C00D280000016WwwEAE.A0OT8w000000000CGAQ.app1,500.0
B516A2C9670E905B03186FBF5C09574DEBD52538A5C36D87DFE45C11C9A7653A,com.myfoodlink.android.spanos,500.0
0310424D20CF56EC3B12E3D679CF85B5EED473472F1BDF45A5238DE9FF38BE20,com.ramsgate,500.0
FA42BBF47A8FA06D1B8BBAFA728292D3676F18EA42882BA309684FFC03682937,au.edu.ella.app1,500.0
5B65D4BC6181DD1E44EDAB5CF40403325A24D4F653946DB95D4603DD5D43C609,au.com.vtevents,500.0
9BA9579F81351465DC05992812A733866BCF3C0EE710834A0C05D87C4A0FE7FC,au.com.tiks.bgis.bsafe,500.0
5BA57D64AFAB7C4C18EC3AADC2848554CCF5C0B5AFAB7AC5EE10FB856BF2F778,health.charli.app,500.0
7733B336B4173C0DD7D38333FA87A17E1001F5EDE62CA5023A502F73526BA7B2,au.com.etechnique.pro04,500.0
8C74BD3FD337A262E73E0E56E310DAF071B74847B984D929A16957DE697BA8BB,com.zedtechnologies.zedmobile.icimobile.android,500.0
420EB98E19DB0B5A8A2A6CEF2B57272B6354D6FB0804E5C812F7F9B5C96AE2CC,co.pebl.app,500.0
069F36C4B6935E461A8ACB74CC203951D31FEE73C1849DEB18A77B9A4A8A1009,com.worxinductions.worx,500.0
B6E925619F83B33E6B1F94C9078A3F45106D145D33EF1367A6A7F30E4F74377A,com.abacus.newonlineorderingdopa,500.0
C069EB482C2076071428A1DB91720D7764D40D533485FCF2D892ADE234A35B43,com.AnglicareOnsite,500.0
3F86728C465D07905CBEAEC0E7C3DC65D7B59A88851C6B542AAAAE3EEC502E06,co.tapcart.app.id_KhsgMUP29y,500.0
723AAF970BD7053224CB0FF3E07946766EB17D9655A83D93DE182C347F69D4DC,com.bitebusiness.peshawari,500.0
2B336809C2EF8DA9C7A3A81D19F7D7130F93224BA907DB7D70B195954AABD530,com.bitebusiness.smokinbuttsandracks,500.0
A7B24693F03D63769C3C52C99D6BDB51B2E859F8FAB244BC2867788613D2C20F,com.ballaratstaffingsolutions.bss,500.0
E96220D7A114EA68179656935F42BC08E49EC9B249A10F07698F47402650E522,com.au.pacifichighway177,500.0
FE9D80A274B7007921D98C5C1C0D0AF8B38975D3B6124BD6CA6A3DE0090583C2,com.wildfoundry.fuelfeed.ior.ior,500.0
0F6AA440398980A6720067729F4381B5528C249D8B38C3BE927AB03F408ECD3D,com.bitebusiness.burgerpoint,500.0
343750F13CE132003B9A8F9B00E3A9BB184A85AFAE5FAFAC660F4456505E53B1,com.vodafone.emoni.wallet,500.0
0C9F24C50BAAAB91BB6702877DA0E5EBBC0267A6AE6E1BD46CAEFAE2B4CAF76C,com.bitebusiness.colosseumpizza,500.0
5FA40F3C6681079E9D9895D2AE1A4EB31AEFEF1B97A29F4F2343FDCEFAF37282,com.conservationvolunteers.app,500.0
E535BC0EF772769FC36636BF0B8B492E1E90D5A9EC95AA8DC08DD19183BA7159,com.civica.reflect,500.0
1F173932FEA657EB41D1B26D5D895F1C88FB2C61D5DE53CA9465F30F2D3DF361,com.cmcebroking.android,500.0
4713DC418941A36C55C7BA8FDB59B26C428FF161EC674DAA69AD68BC2FD2293B,com.completeskinandbeautyapp,500.0
D7A115F88364C808402B4F454F03DA6511B5FB5B2DA27C6E805DBD80DA0E96CC,com.tournament.trackmy.fish.dyfc.android,500.0
6848B218BA3FFB1CDC820AE21CF2068FA6958A06164C480F664ECE9057391120,com.fujitsutransport.jobmaster5,500.0
F7B95990F112B36BE97AB63C7B6C9C9BF58080CF6C7D8440F818B3C8B9727BD3,com.gibraltar.letit,500.0
E7C3221C154AC06011CF9DD08311CB3FC0439645948EB0025D5F68F1E0DB5E25,com.iif.android,500.0
CD1A52E580FEC23E54B4314E3CA25FB97E502861B4EA2422C495CC47F358CF15,au.com.impactapps.burwood.wasteinfo,500.0
A907546F54025E52A83B70F358746FCD82050AE08D79DC55862B81F43EE49DD2,au.com.impactapps.bunbury.wasteinfo,500.0
C4BC005BA4AF725BAB2B8E70BF8FC6116005F2A5028D57B101F33F890D602F21,nz.clubactive,500.0
4B0A3B97C176278609E10BB2A1B3D97457ECF31BEA6B0A802E37E4BA6F978A10,net.redeemx.patron.wlg,500.0
052E557DE72C85C3E0A597CD8AE95B04D366AC8FE85C7B65C2F6B92B1F4625CE,au.com.dalboramarinas.mobile,500.0
EDCECB5DBB646C625D6794298F5ABCBD65F0F1F56364A42F87CA3F0F95D12248,au.com.eevedonorbank,500.0
014C8F36D9DA55C054B66E7F93144261074B7577783AFF5DE2957A0A436AE2AD,rapidtest.rapidtest,500.0
4E8AFAA77E049BC531DEB62E125B31D502922737B40E0E48BE1B311DFA2B6D71,au.com.hodgehotels.app,500.0
0BAA3D3B23EB518CC8475604696AE34BDBC92E736983A923BCA0AC6694C5AA15,au.com.crownresorts.ptw,500.0
A71E498DF4B9805E695481B529AE28C4BA9EAFA2825399557F0F5CA81C82D72B,redeemx.patron.avrsl,500.0
B8BAF135AD2275614ED76A06C47357A4AA8BCF8B9101910E009FED33017E4CC1,org.goodfish.app,500.0
3D97E08B5C3027DB8D952ACDA086BB8CEA96996860DEA241ECB80FB92149F83B,au.com.yqme.acesseafood,500.0
70F98E54D16AC45F85311994F13390DCD2BE7C2D35E6C6C5646528A49C23286A,eu.softpos.softposwrapper.wlanz,500.0
456EFD23666E60A91E80B704201425F674279BF6D015185E3E411F838B31ADF7,custom.jtbstudios.com.au,500.0
9D15E377E5649763E26950BFA4932B20D4372228031ACB14DBD8B7DBF7DD85AE,au.gotcakey.app,500.0
F4205F625A07A8E0E932C761219609CBE901230CB97DE1FF49862EAFADC928B0,au.gov.vic.agriculture.lobstertag.GoFishVicRL,500.0
EF62383BE8F2D5F8406A6490F18CABEAEC3AB6D92A6C971CDFFF9DED8D9E6D32,com.socketsoftware.whatbinday.queenscliffe,100.0
5E9FC7CF68B37DB409DB04E266B7C77CCCD996123DC0482536472B152D931FF8,com.smartmovetaxis.smarthailapp.wavsydney,100.0
5C0A3E7AC27F7C6199306EF8CA35662BBD31C7135F8EFD89A0B01D66DF3EA4E1,com.servicenow.public.infracoisr.requestor,100.0
71371BE4023AB2F45C5EB56D6832760ADF4ED17B7CC67BDF5D198F86B8F79644,com.pirkxaus,100.0
58FBFA8A08E099FC6AE3E2A6CBEC2B3568477CE8E40770AD875E7687628AA0DA,com.reemaq.selfinspect,100.0
B549AC49E5BF357AFA83BC29D204C7D2BCF6F6F4BB636A26E63F115FCBA1624A,com.quickb2bptyltd.hldfruits,100.0
5BA30C58654143C23F0842952EA9AD4AD5BB94C8A5B746CF1172EC90610A24E1,com.moden7.remsimate,100.0
085E086F7C9A64BDBE43658E14342125ABDBF1399CB25A687B66542477FCE991,com.icommit.australia,100.0
D563577500F3A031ED22278F33F20FD6F1409157C27608974D77C3CB833670CF,store.dpos.com.ribsandpizza,100.0
173B245C073594DA03559FC8ED381F2AC5299AC4A88CE84A543ED4A9F527288B,store.dpos.com.svenspizza,100.0
7A096BD93B0329AA81708678335B57D6AA9257E24573D2819073F21CDBC08062,apps.trailer2you.customer,100.0
11B0C7EC79CB209185F03351C584F0577B6DF1F0B2F7F55297BE7F40F1040B23,com.mysalesforce.mycommunity.C00D28000001dej1EAA.A0OT4a0000000007GAA,100.0
8A8D140D60A83EA44158668FF621A252947732F43EFBF4DEFC798CEFB3D5BCDD,com.perfectgym.perfectgymgo2.revolutions,100.0
9968817DCFAABAF7057BE686BD1E6D8505E36C6FFC1493CB58F95E8EEE6A1F5D,com.koolaa.koolaa_user,100.0
487699796F76002F0571BF9ACAE7511C0F815E0F4FAA6D44C1B843C7AFEEBFF9,com.megatix.royalshow.dowerin,100.0
751BA9DB439E2AFE19623F2657107B6A0E317752BB4EF221434760299D54CD10,com.lunchfox.app,100.0
3F51AC125EB7638023F7FA11C22EA0C4DD44197A3355FB3EF17DD99D0B7069C8,au.com.bcu.mymo,100.0
10C5256602F7E9CCB086FB0FFD27DE4BC7F9301C4D615425B8C6B90383E7CD2B,au.com.eGoodManners.mobilev2,100.0
027F408ADCD0419A69DF6375D1441A63E1A1AFD54782918C333C67C587EA3B97,au.com.gapsolutions.rewardsapp,100.0
E22A8B5EBA8CF8EFFE807D6EFE79E0F9E9EDDDDB69FD864F3BA93513629B7CF5,au.com.gelare.app,100.0
A2D888B4A5DF6B3023831A5DFB8BA049D1887F1E5097F3B3E61919CE5D4A1958,au.com.corelogic.ritamobile,100.0
253A792C30396121034D129EDB6894FE426278DFF31CAA3AF9A82BF085EAE199,au.com.middlepub.app,100.0
F817BFE8ABA9E248549275A9119213FF1E025CA7E692A75FF83A02A26BDE2395,mel.portalbrowser.gonative.android.app,100.0
1426938491AB10BC2B4C7744EFAD85BAAA1A1C41054DC951D02F51729603A2D6,io.swooptelecommunications.mobile,100.0
621CABA32D9EF1CD8EE7C527A11EDFE30AA5962BE46B121992185ED8E877DB5A,au.edu.ella.app3,100.0
9B236769B70CFDD5FBAE6C07615B4FCBD2FC26FB89A78CFB43C3E5EC0A658FFB,com.myfoodlink.android.spar,100.0
728E35E8217B2CD2458AB41BD4BF73F3EE7762AA647AB11698D2145708C8EC7E,com.myfoodlink.ritchies,100.0
A4E254732CD09F288BBAE432D32C42B4C35949CE21D5E270A07FCC6E2E12DC22,com.drip.dripinvest,100.0
84339A00F6BB3F8B21369FF9CA28BAEADE9907735B7F8842D035906C60EFAE3B,com.connectedvehicles.carbucks,100.0
64E665B5A7B86322B565B37CB09BEC145F0FA3ED8A89A140CE2E7DE730CD5FEB,com.dnsspecialistservices.cazalys,100.0
6D30165E99EC6AF2AAF272AD52B69B42EA78EB605CCC441D9FCE1B58A6BD7450,com.cerely.android,100.0
23ABEFBE4218B0E152583D6B531EEAF4D709F3613172B05C86DDBC58954E0A65,com.bitebusiness.chard,100.0
5655DE0BAC8E0D6834E86CA03D8004134E2414056A0D26719E23A58E378DFCB2,au.org.mend,100.0
79727CC6C95FD420EB8B8CEC09903BB68D1C47E5A37299A58BE18142D9028D56,com.woolclip,100.0
D6A13A708686AF95A5FA9319AA16FE5F0C7C98856101148586367CA211152246,com.appian.visy,100.0
E8B31E1F016E8B48D617BE21E9AF0B76B13B6AD566E0FD8F3D3D68BFE14689A8,com.wat.driver,100.0
FD07444C3119707D83C4596A997595C1327C35C7751C901FB8B1C92AE3B7184E,com.bitebusiness.bluegrassbbq,100.0
1AD86A66E58416F3FBFB75CB4A4542B612101A9FBADE2C92FF91E880FDBFCD30,com.des2.whyalla,100.0
71D8E8C8ABAA359CDDEBA3635EF1D35472A4A1089DE2F4F43E5E69ED67A8CDAF,com.dnsspecialistservices.diggersservices,100.0
85E870D9939E1711DF7F350D4C586EB8569AF994DB6B3617C070A532F5F655D0,com.tipr.mobile,100.0
DE71FF75FFDA1D0010DD7544E5C5BC849DC8481224823711612CB5209B087BC1,com.coffye.gbccuh,100.0
9B5264D7C56F580B7D25E5BFF63537C2EF9196D901CCD07FF80D64A93D6EB703,com.cmcadvantage.android,100.0
A43F5265D9420EC0EB245F781744C621B6483D5759141511E9352B0B9911D07E,com.cpdhome.cpdh,100.0
6724E32CD6156EC909FC4B19E529E605CDAB079A1FA15C8777DE20B82213C647,com.training.woolclip,100.0
4EAC3C6707F51F3509E8BF79440BD0ABAD06DDB163A078BEE9B7592A9976FDBD,com.ellastvmaxau.mw.client.mobile,100.0
31AF2C84CC33719D135E84E166454556AD5432E71BDC493E26E5F085DE53087A,com.glutenswitch.android,100.0
EE0ABBC025203C6470C1A3266328759629C915E599D0C098140EB622CDF59DE1,com.exemplar,100.0
E9ACCAEAD5D09E09E8427CA4C7CA548D4C20B3D2E64C15B126AE4E7ED6B1C3FE,com.imsx.breze,100.0
9D7CADF62C340A89B808A41E93F941ACFAC040975B120700E20DACD2432116B1,au.com.appspeople.coeliapp,100.0
2E0F69FDC1566AF0212F83110CFD4A8AF8C86B15BD43D833230B0FE660F8D63F,net.redeemx.patron.frslc,100.0
D95F41D014D938CE4A95A3FD770C78AAE1C57CF15A1B6A46D0DB63DEDCBD06AD,natPOSPtyLimited.CastlemaineFresh,100.0
03D876AAD49FF6EDC18D190D272A915F54E8B12880D9B2BE9F7C6DA870CA7925,net.redeemx.patron.sglc,100.0
96685BE6CB03536BF03F427753A6E0C7430FF128F70E69558F70776B51B86F52,au.com.impactapps.sbrc.wasteinfo,100.0
78DA8361D81F7A551F567A642B4225E2CBDC1F0A57C1BF5E0401F9CA0A73A2BD,au.com.impactapps.moree.wasteinfo,100.0
032D585B20124F53E85F23677B2F57ABE8DFD018D1BF1610EDC2944E0C3EE226,au.com.keyvision.onewilliam,100.0
3C9D1B68EEA167D24256B7C8F837341082D18D7E43516928C16CEADA68D58A2B,au.com.impactapps.forbes.wasteinfo,100.0
27F54743D457D41C89C6AC926AA034692216E22F84777CE88FE698FFE9516944,au.edu.ella.app6,100.0
762BD271789A4044C9D6A6AAC1CEC0EB4436496A1F58FEC31E276A6791813A45,au.com.vivaenergy.driver,100.0
D295DCE68F2FA0A2A674D9B4B129FBAA5F34FCA1AF92255D7D2A5D58A2691E5A,cc.diffusion.progression.android.dragonfly,100.0
90B8A5FCA4E6D1AFA636806E91C6FB90D7F0BBD7802EFFEC5B66F115E438075D,com.CenturionSystems.GwebScannerAppAU,100.0
E2D383A218B63CC5F7CBE8F20749DD1CBE3AF1493E9C1265AB928D453649285F,com.LightningRock.StayOkwithCKK,100.0
A5CEE6F9692E639DF43112814640375C61F62842A310C0283A4255DC133C36C8,co.SeyCo.BearerRider,100.0
AF88EC79FC0A9B3EB3A344F6F6E6B108DB500DA770A3F74636834A399F717837,au.org.blackdoginstitute.awm,100.0
E76E146E3B9FBC77865FAF66D753F3ABDA1608433C94862E2CF828474CAC68CD,aus.com.expectmaternity.www,100.0
4F323E59C6BB1754039EB1F471D81A6AD5A91EED6B4DE475958356376BBB5092,com.bitebusiness.harleyandhem,100.0
832CBD0A2B14D7438D89C631BA01B287D4C27E977220419CE67679947E9AEFB1,com.bitebusiness.pizzapress,100.0
85C27C8199E43B7AF45DE3768C1650D4EC460191915B1AB180D467FF10EAE3C2,com.blackbirdfitness.myclub,100.0
CD3C2E911E29ED2CF161958D7EDD603A647A2851D58885E2B7C2701A9FFAFDFD,com.bigwig.crewmenapp.production,100.0
527A9081A947244EAB0A77AF14D8976A2EC2700BCE23538CCE5E5C29F0836F96,com.bitebusiness.sweetsoursalt,100.0
2A1961B9CEE88BDF172286A336120D04FB76390322834C719FE5B0582D6CFE98,au.com.sostg.trips,100.0
CEEED67A5A92F3EDFFBEAF60427BB4280F869893B2984B54BC2C5CD70F93703F,au.com.sostg.trips.web,100.0
B62E3ED8B5075FEC000DE365300DA87B7EB7F48BF86B5C24269E81B7B957800B,au.com.pine.app,100.0
D36587651DCF1F6A2E0EFC3FCB17427CE00501968BF75AA7E9F1E66B487C56D0,au.com.wealth99.app,100.0
F394F52156EC2D40C22F138CF21E951F0DC8DDC23000D19B92BA9B14C53CE9A8,au.gov.act.esa.cpm,100.0
578B609489F205546D08D0CAEBB7893C13513D50C47D48DE9CFD7BF685B615CC,au.edu.ella.app10,100.0
B4406F559A974F71AF6700C86D8781CE33FF9FF9530882DD633F2250CC262574,au.edu.wa.hammondparkcps.schoolapp,100.0
3947E1597A523D5DCE3AC79B85B6944E498CF605A38176CD5E51F612BE8E4CBF,au.edu.ella.app2,100.0
9CE178CB5B55585CA8E993E9687AA6CD0FF9A4554C297D22BED2E427A886017D,com.zoptal.sendayocustomer,100.0
D56EAE981934F749EEC0964923AD30F3FC8817F446BF2F597AE9B282831FC0AA,au.edu.ella.app8,100.0
4B0C0B1267FDE617FAB221CA9A28872957AA17492A7A854AB01A3543C7B13191,au.org.turtlesat,100.0
13827E84D35157E74CB0899324D7CAD44D3335C2AA7042C515CEBFD086AD2104,au.edu.ella.app7,100.0
AE834F57499606D3FDA7915DDA376F7CA02AD48061A0AACC49DF57CE1092B926,au.gov.wa.agric.pestfacts,50.0
A940E21D48BB487257C73E17D6E8365F16539EC81F4DA8DF39A3AFC051BAE52F,au.com.mibowork.mibo,50.0
BE4F11159C2DD01A9C48D369DF58405C4B6E0F85048EC1DCA220C88DE548326E,com.villey.app,50.0
633E42FA99EDBEF78DD54FC0233E8AF44C4E6751CA276D6002EDAB7FD3EA0CE2,com.rexel.australia.aie,50.0
F53BBD57B2E6E34E9A6C5AAA19AFF11F27FE5310494A914978D662F1BE7277B2,com.serkoonline.Stageandscreen,50.0
8E0A571AE67402424186800E31AD28B57E0BE75624D97D7B7C62DDEC47912667,com.myfoodlink.android.lamannaandsons,50.0
3CCAD87159BADDD75E8DDEB7A5B7D9CF9C0F20D518D017F89E46DF428F98C819,com.mcca.android,50.0
20D358DE7C785C55477D3524248475B96D81CC7938FF6A2815F74BE4E2BB0FA1,vet.pavforvets.app,50.0
D1CB95DCF838BC55731C257EE8D0411BCABA83E1DBED94DB44CBEEDCD5C38B2D,org.name.SBJApp,50.0
0526F21E454EA1AE62F1627D8C78D6D5768588B8320F4B1FD276C3F4E2D5AFFF,com.bitebusiness.coventrypavilion,50.0
DC0D2031E478F9983C109F9D9773B6F9D46C8DDC625AC5A9510C0CF57F833937,co.genvis.milli,50.0
67C4EEDD21A62A6C813C8110F1463D846805B2AAA210FA08B4D2CED5FD09CCCE,cms.mobile.publc.crowncoaches,50.0
4BFACDF9135D1435E828EB8DEC3BC5DEFD3430387E6C2E5123DAF56D8DDD48A7,com.xemplo.mobile,50.0
A02869F36BF583AD40C4A55CED0985CEADBBCF83C3810320408542C13C9AC2D5,com.aerialpole.myclub,50.0
6AD77D65C2F0CBFB3DB4B889AF528B9AF56B0BBC3E643BADE573BDF7DCA75969,unicom.demotown,10.0
110E765C0F8A120DA428CA6F49702AD9A9E17522F55A0AACB7ED5332F1D7DFDD,com.tikkatikkaonline,10.0
364F0FF6543C21087ED3B88452DBA574EB62EC5EAF61DBD7E760A6E5D552021C,com.inspecteasy,10.0
AE4E5B44292E58E44EEE29CE94F63BE9C8F2D1A176B2B9984A941A21CBD192AF,com.loop.agent,10.0
AAF0AB0106DB7650E0EEA61D5AE75A6F3234D8F1B431512A2408FE822607A7C3,com.dimetro.whosoncallversion2,10.0
5A8FF899DAC842CF3B9DBDA3AE50D1640C8DA7E2B4616D9A614422672DADAAC4,com.bitebusiness.bunsen,10.0
FB929F2BEFCA6CCFC79D503DAAB615FF24D230AF9351400AADB2645A579C51B5,com.tpg.fans.operations,10.0
5E9C4B6CAAB6EF45D59A56361BB0BF190DFBC6A7E0E97C7C98EC0DE4A28D07B3,com.gestalttechsdnbhd.neubridgekm001,10.0
7522C894310C462AD9FC8841C90D7CC246BED7917ECB8F6F431900DC45307653,au.gov.sa.satss,10.0
F0CD3361BD2AE1C087BCA120ABAE4478EDFF2FF97B57953E328F66566FE776AA,au.com.impactapps.gwydir.wasteinfo,10.0
F8B06C6F3F453924717E8794CD70DE5FE3E4F3196AB5BCA93AC7339DE1E62DB5,au.com.wwdb,10.0
8D4442C666E946A4A1651CCBF81225262C89BEBBF75EC070159F1B2DF2D64E70,au.com.netstrata.strataspace,10.0
822F3BE9864B166A60FD9DC850B38BE5B96322BF0555DEFE16D4E8264CB00C07,au.com.keyvision.unionquarter,10.0
6B8F731EC63BC3CA622313CDBD14FBDED93A67257143273138021F8F01744F20,au.com.clubware.ampdfitness,10.0
6667C8C11805B7017038D6070DD7753DCA32916AB4F5B9AA6F2D4C48667EC654,au.exxonmobil.fuelfinder,5.0
EF32A054A796EEC2C1877112AE4C7B5CCB954B77756476DEE3FA8CE6BDCE9B8C,au.com.netstrata.inspections.app,5.0
725DD0F81C4B2EB13995DE2239BE92888231C8C4DC104E531D8C2C4E3ABD4D37,au.com.jacksonsongeorge.app,1.0
F66458AAD8A74CCE846A00BEAB80ECDE173D4C4FB4E8253B562BE9BE4ACCCB80,au.com.ampcontrol.aware,
962BBEFC7796E59489E8AD44686A6012DC90088C4EC9D58A0A3680709DBD34D0,au.com.beach.app,
173026A563D6C396D3316CEFCA8F397A40C2EF128AB2E0575AAC21310379083C,au.com.chatswoodclub.app,
3198ECD9659A7DA25E06735CDCB4C7F46CA42F202F20CC1AEC79B6820118ED22,au.com.clubtarneit.app,
796C2163DBF21FD68851CA34F46165D4E3CEF8C0A6C376EC33A3A156268896FE,au.com.gascoynecatchments.rangelandsmonitoring,
3C3CF26DB054CF543981D3423982E6A6397DD8E3B3B7D6ACE1DDE382BE9EDA41,au.com.hiapps.app,
22188DB68B4DCDD66662C9697E5D71E8F88F357812CB3C17C2D369C0079EE20F,au.com.humanetix.android.acecare,
A617D1B6F2738B494C40B5F9CBE6901138A7CC6EAD7FBA424941A36DF9132A80,au.com.lona.app,
BF396194E9719DC990B833ADF0DD34AD9066BD45F8719D4595B7B2B399169FF7,au.com.myplacedemonsw.app,
8D17D05BC479F397C3E7C43F37234B95E09FE68C3AF384A13EFFD2D61EC94E10,au.com.pfdfoods.shop.twa,
5B375048F1FAB0BF4F1D7D373828F2AEC99F2250ED650BA40E3478CA11A26D4A,au.com.redcat.ramendanbo,
DE2E31B04A31ECFE1856B58562BE188470D390325D5AC56BCE3CC4F90DC9AA5C,au.com.yqme.manlyboathouse,
DD1AB373827308808D15FBC7877D5501BD853A6036B15FC87BB8F9AD9FAE6EF4,au.edu.sydney.AusILDRegistry,
EC22E5F55A40DB0258ED2E4FF2042DE2EB8D80555DBD48F49E3606784E61E32E,au.edu.utas.carerscareapp,
9F75425BED0045FBFE650E80945FF123BE5EAC3A00210BE30D2F73E7097D56AD,au.gov.nsw.customerservice.bdmhub,
3C8CE40893BC866375E9B69448CA453E89B1FD34BC650B47B7B1A78EB7128846,au.gov.nt.ntroadreport,
0F583DD1A95CCFC84B0160A1EC42C156757AAD79DAD65BA676CAEFBE7EA5A1BA,au.net.mccolls.dm3,
C3B1EB08C06E7063A20F90AC012AFE32EABE1BE31C4B01AE74CADC0F9B8E39EB,au.org.compliancelink.android,
7F2E74B82D6CAE27F5E022D16C02810962D7AFA4BD866A8A22BFB4E6ACD73605,au.org.reimagine.thriveability,
715176397714464FB2C0DE3A09C39E18B05202A19F3BBF9EEE5267E9C4423BC4,br.com.social.sport.athlete,
D5C3F6195108D792B580041042BC1B156CF33E2F0362DB5C743CE74DD18ACBD0,btrut.ddr,
9C835207AFE89FA02CE76A9CA53C4D00B1B397FCFB31A50FFDBD19FDA91361A8,co.ezystream.goodmanfielder,
ED5D7962D0A80C08AF26959AF149D3A417810AF1FD33BE57FA7A6AFA472D2E1B,com.aehrc.mobico,
2797869282E3098B436C6FD68A2B5155CED8D73528C251C0B454295DF0EECF21,com.artisanideas.canz,
F21929D07A6EFE7B1BAF834386C649AB17C1372818EF43ACEB0E0D25CA3BD28A,com.au.logmaster.business,
CE90D09F71B566404AFC9ED3FCCF7838C546FF3F5F8CB65C0DC853AF8B3EA39E,com.berthz,
15055B3EFC25CA967F3973CF0A2CA44A8C46434C49A543DE14FB2B7FF792C9D0,com.bitebusiness.arrivedercipizza,
9CD206835AA592D5DBEF622F9D09EB02FFE5135C39676333A39229BB349B2F84,com.bitebusiness.awakencoffee,
41854FA5ADBD28E5D4825539794A8CCB12A0C6B03DB20F7E00AB7CEACDDFE168,com.bitebusiness.blisscoffeeroasters,
75A395C659B77A6735C5D7EAD14C476EBDDF000D607B6B5F113777F5184CF646,com.bitebusiness.buckleystakeaway,
B4539E3A72E01A0DAC5E5E8EC9609CA61AC6E76C0C98E23F49DBF1C01EBF36E1,com.bitebusiness.eastpizza,
8103AF4BE2E7C3A7C624E727A70A5ECF5C664E742196ABF2E5149EA572A68AD9,com.bitebusiness.govindas,
AD31F576EB690A5464D2F97BCD6ECE616E7E4A363F0213661FC6961D2FF86686,com.bitebusiness.lighthousebeachtakeaway,
334C30007CCCF60E6D0ED0C85A1B6B427EAEA658554DC6ECF8D86AC2627BA1EA,com.bitebusiness.sherwoodparkorchardbakerycafe,
05F184DFCD37E77B96112135CD644B86C58C313194FDC80E01EBBCB66E1B3018,com.certisgroup.cathy,
42A5464D997D6EB6AE6E6B9A2BD4575A1C950FCE8F159B2AC38362C0ED22B40B,com.codered.connect,
EA6A1B5549544CA87EC46FCAEC802DBC55DDE7ED972199417FC49A08646B5B2F,com.cricketaustralia.PlayerManagementPlatform,
ECED7CCA28CAE5B0BD102A2EC047E114B228B6D52BE8E06153CA7F60543C8558,com.dcms.d2u.pp,
828E9765EF8FAAA169DC6A46F06A3F2800406312F7A4D4A52AC9A39FE084A78C,com.debeenjiujitsuwodonga.master,
E3A1FB6B41431F7D00AADD63A285D35D1D140A3AF13594EA521D0625590C5261,com.digital8.lgeschecks,
BF57F6A3FBF93FB1448C24E0C0B990830D6A5EA73551BE117DA8EC84F0FECA19,com.elsevier.education.NurseGuideAUSNZapp,
D5503D35894645D22C50038F3416B39B97A458BCB3E95413524DEE6FC420116A,com.eventfinder.EventfindaPro,
22A3B202300497D795C82095B3310E5B97F8008B709A5E53D7ECC689F7CF1C57,com.ezypeazy,
F8FAC20DC0E4D2C3BFFD1B20DC8B8AD79A47FF139BD868CC322F7E23FB0B2901,com.feverapp,
FD424F84F3B12B1F9CC49851B1493543FAA95A2EAC30748D061EC0AEE6806083,com.flexitrak.myaccount,
C432A819AAEA94011C74B7374457932E03B3F03C2D9DD1486B95C6FEF0F00FD6,com.gaadin.hoppl,
B67C8098702D97D34B4AB4EFDC5E4A77ADD8BB8A312EFC6672213E0D7DA738E6,com.gpcasiapac.npm.nz,
1C1F3B978A3F96E15F31F84116E032E6E504BD530A3297F3D670CC15E71CCF09,com.healthlink.app,
3CCEAE4A3DBF5147D82CE6A6E8AEA43E8ED0A5DE625820AA8B05329A53E8A304,com.heritance,
1A9DED25E01039D1F738C0D2D22A84D6BBF40498FA27952705A457BE238EC48A,com.hummloan.au,
29EBAF344FB94086F19B0B0A8A810E758A6AD463705B6C94DB16B4B6E61A0D58,com.inform.platinumfm.app,
317B7E0BA8422F00C527D254AF96E20E0A24C9EF776D622235E38ACEF1EBD9CB,com.kps.wordit.nac,
AACA3C1BC977FC91E67FB9C01E8FF376E1F429395AFE0B093E2619C910FB48EC,com.loyalconnect.melba,
29EF52FD97646D1E526916B9D3E238F91E10B2554D0EEA20CAF152A72F92E164,com.matagas.matagaslpgas,
380405D091B6EBA333E5FE43138AF6275E3ACECEA1554F60190C13DAC224E92C,com.myfoodlink.android.tuckerfresh,
D6331848E88208C189B6D4BE0FC26BAFDB3A498BBDDD198A392C9758DB13E1C1,com.next24.au.here2help,
A54F0DEE8217B27CEBBC619B97035F0A7971BE8AA527446620862C542021C469,com.nswnma.memberapp,
3963BD1DD5ED874B7F948EE90FE12B24E7555295CED44E07701EC0B9BCEA017C,com.pepsicoconsumer.snackhub,
00E37A5879A43E284652A0A3E4FE8BF4BFE2218E1D8E16EA3339A13FFB74D8BA,com.policesa.androidsmartapp,
E265479095970870C2590312F6DB277EEB1BB6427F6BF83BBE6D1C1A200CB670,com.portstephens.wasteinfo,
E060FD85C42EF90447E60D9B395E1DD272F0F2B84AA493896E1F5448DBDB669E,com.pos.qashier,
618611A0F55AD7804D8E0582A6A1B4AE0618E382CF9084AF108830D8356344B0,com.rapidlink.rapidlink,
D2E83180D2F4830AE351AAE1BCB6DF8335DBABB9A912FBEBAB53DAE77E449823,com.rexel.newzeland.ideal.electrical,
488A64930C574D70F76C39833C544CA92262754A1DB50266374C4C2CF99FD488,com.seraphcode.postiemateadmin,
5EDD57381D9BF6652C1A3EF82F5C32F0B09B7F433A1D41C5AC8397476DA7F9EE,com.smartschool.android,
893A00A432A0FE1E97042A822316914F28988E6D1198F522F9C6D04EFB9D1595,com.smata.gradystrataportal.ocm,
9049B84AB977E2379AFC7E11164881D7890065FD72287A9B8111B745E688B544,com.snorkelapp.snorkel,
36E13253ED9D845F54CF54BB176F4B1B2683034A18F9DB38AC71BCA9D6B59D26,com.solagas.mobileapp,
22A07D8BF218DF9D793A11708E020FA6771F14EA2E137E99E70BB959FEF153B2,com.southeastwater.swms,
C02F25D3B2594F898496FD7E266BE693A29EE98E8A9A5120183EE4A6CB05B1FE,com.southeastwater.trailerchecklist,
092D5E0C3DDB1AF66C9B2AD435A0095D462C480D3F06B7CE7E49F2551CA669B7,com.sprintsuite.sprintsuite_mobile,
F5D5F08821B9B964165D8E0B2C693FAC593BCD1FA07926D4C90636AE42B16543,com.symbility.capture.au,
5804769D92FFC0DF40C6AC20FE2131A51FD3E55561268876C11C4E0351D66C48,com.transhotelgroup,
2E88C3E255A2355AA886E21930DD865310073097FB8FD2418982BC1B92CD29C5,com.vdaq.obm,
644412692DC4B693151233EE2827B13C721C4F2A00820CAB03FC45C518EEC68B,com.virtualmgr.vmplayer.slp,
722F80B80ED47FA8DDE97DD58A26B933CADB2DC3744853FA062A56FDBEF810C4,health.c4c.releaf,
8F64FC8C9C466C3C78A74C612D48D1613782C349C29EBA80C2F9727B30A80E28,id.co.banklampung.banklampung_mbank_mobile,
70D6E31D72E88540F92F0BAF6B854F495E07395B83C615DDC4B6018275587CA6,io.qminutes.qminutes,
467CE3D3ACB0625E7AC0BB38F984AE0D8316DD9C344050C3BD3ED040BF6BA74C,kiwi.starmedia.christchurch,
8FB212091CA255BE872F5707D6B49EE40D44A074826D7A6D430F41BC848A87B5,kz.zorsoft.rizeup,
839360B04AFB3110D85062141F538481A65F08E383D5957FCA6F567110F41099,mobi.insightful.IM4,
06AEDC91C07F92DC00079EAE306E5332BA737D6525AFC18DF338F6929690BE58,natPOSPtyLimited.BestwaySupermarket,
5BF7E7DA60487944E5185D875E9D36B03BBB7A47C5E57BAAB422BF39F385E1B9,net.redeemx.patron.relcg,
C19B3CFC74C6A9CE610A191B67F32AB4D95A57346BF86C459F44E1C115025115,nz.co.artilect.habit.prod,
CD994EEB23548F01C01958F741AF62831B1C8DDCD4F00216E4B43B35CCD68473,nz.co.bockyboogelato,
A74C6331AACE3E9865B21B6B802ED40E7959537F7931CF38CEEADEC0A9A8E392,nz.co.squirrelmoney.android,
8721A27F6E12A5848EF9E4F8F811A35299EFE8ECB4A118F96CCFAA72C139A579,rapidtest.rapidtestmobile,
5022AB6AB5C238909D18D10E79582BA49E32C9EC0EF016FEEE33515B17D6E1D9,store.dpos.com.huntergourmet,
429217568CCF9EADF4456200A539E663FD63ABF745761580D75B60F1CDA9A2A0,telstrahealth.carekeeper,
F10F0171D4E46B05B8F5FB09332015AC7CD8CC35EA7F563DA08261AEAD050EA5,uk.co.redcat.gongcha,
92C1A6EC35C0B399A4AFDB7A8A8EB1124BE7E5BA14A890970A05A6B45786601A,vv.example.simple_tax_app,
